source,target
concept_0,concept_1
concept_0,concept_2
concept_0,concept_3
concept_0,concept_4
concept_0,concept_5
concept_0,concept_6
concept_0,concept_7
concept_0,concept_8
concept_0,concept_9
concept_0,concept_10
concept_0,concept_11
concept_0,concept_12
concept_0,concept_13
concept_0,concept_14
concept_0,concept_15
concept_0,concept_16
concept_0,concept_17
concept_0,concept_18
concept_0,concept_19
concept_0,concept_20
concept_0,concept_21
concept_0,concept_22
concept_1,concept_1_1
concept_1,concept_1_2
concept_1,concept_1_3
concept_1,concept_1_4
concept_1,concept_1_5
concept_1,concept_1_6
concept_1,concept_1_7
concept_1_1,concept_1_1_1
concept_1_1,concept_1_1_2
concept_1_1,concept_1_1_3
concept_1_1,concept_1_1_4
concept_1_1_1,concept_1_1_1_1
concept_1_1_1,concept_1_1_1_2
concept_1_1_1,concept_1_1_1_3
concept_1_1_1,concept_1_1_1_4
concept_1_1_1,concept_1_1_1_5
concept_1_1_1,concept_1_1_1_6
concept_1_1_1,concept_1_1_1_7
concept_1_1_1,concept_1_1_1_8
concept_1_1_1,concept_1_1_1_9
concept_1_1_1,concept_1_1_1_10
concept_1_1_1,concept_1_1_1_11
concept_1_1_1,concept_1_1_1_12
concept_1_1_1,concept_1_1_1_13
concept_1_1_1,concept_1_1_1_14
concept_1_1_1,concept_1_1_1_15
concept_1_1_1,concept_1_1_1_16
concept_1_1_1,concept_1_1_1_17
concept_1_1_1,concept_1_1_1_18
concept_1_1_1,concept_1_1_1_19
concept_1_1_1,concept_1_1_1_20
concept_1_1_1,concept_1_1_1_21
concept_1_1_1,concept_1_1_1_22
concept_1_1_1,concept_1_1_1_23
concept_1_1_1_1,concept_1_1_1_1_1
concept_1_1_1_1,concept_1_1_1_1_2
concept_1_1_1_1,concept_1_1_1_1_3
concept_1_1_1_1,concept_1_1_1_1_4
concept_1_1_1_1,concept_1_1_1_1_5
concept_1_1_1_1,concept_1_1_1_1_6
concept_1_1_1_1,concept_1_1_1_1_7
concept_1_1_1_1,concept_1_1_1_1_8
concept_1_1_1_1_1,concept_1_1_1_1_1_1
concept_1_1_1_1_1,concept_1_1_1_1_1_2
concept_1_1_1_1_1,concept_1_1_1_1_1_3
concept_1_1_1_1_1,concept_1_1_1_1_1_4
concept_1_1_1_1_2,concept_1_1_1_1_2_1
concept_1_1_1_1_2,concept_1_1_1_1_2_2
concept_1_1_1_1_2,concept_1_1_1_1_2_3
concept_1_1_1_1_2,concept_1_1_1_1_2_4
concept_1_1_1_1_3,concept_1_1_1_1_3_1
concept_1_1_1_1_3,concept_1_1_1_1_3_2
concept_1_1_1_1_3,concept_1_1_1_1_3_3
concept_1_1_1_1_3,concept_1_1_1_1_3_4
concept_1_1_1_1_4,concept_1_1_1_1_4_1
concept_1_1_1_1_4,concept_1_1_1_1_4_2
concept_1_1_1_1_4,concept_1_1_1_1_4_3
concept_1_1_1_1_4,concept_1_1_1_1_4_4
concept_1_1_1_1_5,concept_1_1_1_1_5_1
concept_1_1_1_1_5,concept_1_1_1_1_5_2
concept_1_1_1_1_5,concept_1_1_1_1_5_3
concept_1_1_1_1_6,concept_1_1_1_1_6_1
concept_1_1_1_1_6,concept_1_1_1_1_6_2
concept_1_1_1_1_6,concept_1_1_1_1_6_3
concept_1_1_1_1_7,concept_1_1_1_1_7_1
concept_1_1_1_1_7,concept_1_1_1_1_7_2
concept_1_1_1_1_8,concept_1_1_1_1_8_1
concept_1_1_1_2,concept_1_1_1_2_1
concept_1_1_1_2,concept_1_1_1_2_2
concept_1_1_1_2_1,concept_1_1_1_2_1_1
concept_1_1_1_2_1,concept_1_1_1_2_1_2
concept_1_1_1_2_1,concept_1_1_1_2_1_3
concept_1_1_1_2_1,concept_1_1_1_2_1_4
concept_1_1_1_2_1,concept_1_1_1_2_1_5
concept_1_1_1_2_2,concept_1_1_1_2_2_1
concept_1_1_1_2_2,concept_1_1_1_2_2_2
concept_1_1_1_2_2,concept_1_1_1_2_2_3
concept_1_1_1_2_2,concept_1_1_1_2_2_4
concept_1_1_1_2_2,concept_1_1_1_2_2_5
concept_1_1_1_3,concept_1_1_1_3_1
concept_1_1_1_3,concept_1_1_1_3_2
concept_1_1_1_3,concept_1_1_1_3_3
concept_1_1_1_3,concept_1_1_1_3_4
concept_1_1_1_3_1,concept_1_1_1_3_1_1
concept_1_1_1_3_1,concept_1_1_1_3_1_2
concept_1_1_1_3_1,concept_1_1_1_3_1_3
concept_1_1_1_3_2,concept_1_1_1_3_2_1
concept_1_1_1_3_3,concept_1_1_1_3_3_1
concept_1_1_1_3_4,concept_1_1_1_3_4_1
concept_1_1_1_4,concept_1_1_1_4_1
concept_1_1_1_4,concept_1_1_1_4_2
concept_1_1_1_4,concept_1_1_1_4_3
concept_1_1_1_4,concept_1_1_1_4_4
concept_1_1_1_4,concept_1_1_1_4_5
concept_1_1_1_4_1,concept_1_1_1_4_1_1
concept_1_1_1_4_1,concept_1_1_1_4_1_2
concept_1_1_1_4_2,concept_1_1_1_4_2_1
concept_1_1_1_4_3,concept_1_1_1_4_3_1
concept_1_1_1_4_4,concept_1_1_1_4_4_1
concept_1_1_1_4_5,concept_1_1_1_4_5_1
concept_1_1_1_5,concept_1_1_1_5_1
concept_1_1_1_5,concept_1_1_1_5_2
concept_1_1_1_5,concept_1_1_1_5_3
concept_1_1_1_5,concept_1_1_1_5_4
concept_1_1_1_5_1,concept_1_1_1_5_1_1
concept_1_1_1_5_2,concept_1_1_1_5_2_1
concept_1_1_1_5_3,concept_1_1_1_5_3_1
concept_1_1_1_5_4,concept_1_1_1_5_4_1
concept_1_1_1_6,concept_1_1_1_6_1
concept_1_1_1_6,concept_1_1_1_6_2
concept_1_1_1_6,concept_1_1_1_6_3
concept_1_1_1_6_1,concept_1_1_1_6_1_1
concept_1_1_1_6_2,concept_1_1_1_6_2_1
concept_1_1_1_6_3,concept_1_1_1_6_3_1
concept_1_1_1_7,concept_1_1_1_7_1
concept_1_1_1_7_1,concept_1_1_1_7_1_1
concept_1_1_1_7_1,concept_1_1_1_7_1_2
concept_1_1_1_7_1,concept_1_1_1_7_1_3
concept_1_1_1_8,concept_1_1_1_8_1
concept_1_1_1_8,concept_1_1_1_8_2
concept_1_1_1_8_1,concept_1_1_1_8_1_1
concept_1_1_1_8_2,concept_1_1_1_8_2_1
concept_1_1_1_9,concept_1_1_1_9_1
concept_1_1_1_9,concept_1_1_1_9_2
concept_1_1_1_9_1,concept_1_1_1_9_1_1
concept_1_1_1_9_2,concept_1_1_1_9_2_1
concept_1_1_1_10,concept_1_1_1_10_1
concept_1_1_1_10_1,concept_1_1_1_10_1_1
concept_1_1_1_10_1,concept_1_1_1_10_1_2
concept_1_1_1_11,concept_1_1_1_11_1
concept_1_1_1_11_1,concept_1_1_1_11_1_1
concept_1_1_1_12,concept_1_1_1_12_1
concept_1_1_1_12_1,concept_1_1_1_12_1_1
concept_1_1_1_13,concept_1_1_1_13_1
concept_1_1_1_13_1,concept_1_1_1_13_1_1
concept_1_1_1_14,concept_1_1_1_14_1
concept_1_1_1_14_1,concept_1_1_1_14_1_1
concept_1_1_1_15,concept_1_1_1_15_1
concept_1_1_1_15_1,concept_1_1_1_15_1_1
concept_1_1_1_16,concept_1_1_1_16_1
concept_1_1_1_16_1,concept_1_1_1_16_1_1
concept_1_1_1_17,concept_1_1_1_17_1
concept_1_1_1_17_1,concept_1_1_1_17_1_1
concept_1_1_1_18,concept_1_1_1_18_1
concept_1_1_1_18_1,concept_1_1_1_18_1_1
concept_1_1_1_19,concept_1_1_1_19_1
concept_1_1_1_19_1,concept_1_1_1_19_1_1
concept_1_1_1_20,concept_1_1_1_20_1
concept_1_1_1_20_1,concept_1_1_1_20_1_1
concept_1_1_1_21,concept_1_1_1_21_1
concept_1_1_1_21_1,concept_1_1_1_21_1_1
concept_1_1_1_22,concept_1_1_1_22_1
concept_1_1_1_22_1,concept_1_1_1_22_1_1
concept_1_1_1_23,concept_1_1_1_23_1
concept_1_1_1_23_1,concept_1_1_1_23_1_1
concept_1_1_2,concept_1_1_2_1
concept_1_1_2,concept_1_1_2_2
concept_1_1_2,concept_1_1_2_3
concept_1_1_2,concept_1_1_2_4
concept_1_1_2,concept_1_1_2_5
concept_1_1_2,concept_1_1_2_6
concept_1_1_2,concept_1_1_2_7
concept_1_1_2,concept_1_1_2_8
concept_1_1_2,concept_1_1_2_9
concept_1_1_2,concept_1_1_2_10
concept_1_1_2,concept_1_1_2_11
concept_1_1_2,concept_1_1_2_12
concept_1_1_2_1,concept_1_1_2_1_1
concept_1_1_2_1,concept_1_1_2_1_2
concept_1_1_2_1_1,concept_1_1_2_1_1_1
concept_1_1_2_1_2,concept_1_1_2_1_2_1
concept_1_1_2_2,concept_1_1_2_2_1
concept_1_1_2_2_1,concept_1_1_2_2_1_1
concept_1_1_2_3,concept_1_1_2_3_1
concept_1_1_2_3_1,concept_1_1_2_3_1_1
concept_1_1_2_4,concept_1_1_2_4_1
concept_1_1_2_4_1,concept_1_1_2_4_1_1
concept_1_1_2_5,concept_1_1_2_5_1
concept_1_1_2_5_1,concept_1_1_2_5_1_1
concept_1_1_2_6,concept_1_1_2_6_1
concept_1_1_2_6_1,concept_1_1_2_6_1_1
concept_1_1_2_7,concept_1_1_2_7_1
concept_1_1_2_7_1,concept_1_1_2_7_1_1
concept_1_1_2_8,concept_1_1_2_8_1
concept_1_1_2_8_1,concept_1_1_2_8_1_1
concept_1_1_2_9,concept_1_1_2_9_1
concept_1_1_2_9_1,concept_1_1_2_9_1_1
concept_1_1_2_10,concept_1_1_2_10_1
concept_1_1_2_10_1,concept_1_1_2_10_1_1
concept_1_1_2_11,concept_1_1_2_11_1
concept_1_1_2_11_1,concept_1_1_2_11_1_1
concept_1_1_2_12,concept_1_1_2_12_1
concept_1_1_2_12_1,concept_1_1_2_12_1_1
concept_1_1_3,concept_1_1_3_1
concept_1_1_3,concept_1_1_3_2
concept_1_1_3,concept_1_1_3_3
concept_1_1_3,concept_1_1_3_4
concept_1_1_3_1,concept_1_1_3_1_1
concept_1_1_3_1,concept_1_1_3_1_2
concept_1_1_3_1,concept_1_1_3_1_3
concept_1_1_3_1_1,concept_1_1_3_1_1_1
concept_1_1_3_1_2,concept_1_1_3_1_2_1
concept_1_1_3_1_3,concept_1_1_3_1_3_1
concept_1_1_3_2,concept_1_1_3_2_1
concept_1_1_3_2,concept_1_1_3_2_2
concept_1_1_3_2,concept_1_1_3_2_3
concept_1_1_3_2_1,concept_1_1_3_2_1_1
concept_1_1_3_2_2,concept_1_1_3_2_2_1
concept_1_1_3_2_3,concept_1_1_3_2_3_1
concept_1_1_3_3,concept_1_1_3_3_1
concept_1_1_3_3,concept_1_1_3_3_2
concept_1_1_3_3,concept_1_1_3_3_3
concept_1_1_3_3_1,concept_1_1_3_3_1_1
concept_1_1_3_3_2,concept_1_1_3_3_2_1
concept_1_1_3_3_3,concept_1_1_3_3_3_1
concept_1_1_3_4,concept_1_1_3_4_1
concept_1_1_3_4_1,concept_1_1_3_4_1_1
concept_1_1_4,concept_1_1_4_1
concept_1_1_4,concept_1_1_4_2
concept_1_1_4_1,concept_1_1_4_1_1
concept_1_1_4_1,concept_1_1_4_1_2
concept_1_1_4_1,concept_1_1_4_1_3
concept_1_1_4_1_1,concept_1_1_4_1_1_1
concept_1_1_4_1_1,concept_1_1_4_1_1_2
concept_1_1_4_1_1,concept_1_1_4_1_1_3
concept_1_1_4_1_1,concept_1_1_4_1_1_4
concept_1_1_4_1_2,concept_1_1_4_1_2_1
concept_1_1_4_1_2,concept_1_1_4_1_2_2
concept_1_1_4_1_3,concept_1_1_4_1_3_1
concept_1_1_4_2,concept_1_1_4_2_1
concept_1_1_4_2_1,concept_1_1_4_2_1_1
concept_1_2,concept_1_2_1
concept_1_2,concept_1_2_2
concept_1_2,concept_1_2_3
concept_1_2_1,concept_1_2_1_1
concept_1_2_1,concept_1_2_1_2
concept_1_2_1,concept_1_2_1_3
concept_1_2_1,concept_1_2_1_4
concept_1_2_1,concept_1_2_1_5
concept_1_2_1,concept_1_2_1_6
concept_1_2_1,concept_1_2_1_7
concept_1_2_1,concept_1_2_1_8
concept_1_2_1,concept_1_2_1_9
concept_1_2_1,concept_1_2_1_10
concept_1_2_1,concept_1_2_1_11
concept_1_2_1,concept_1_2_1_12
concept_1_2_1,concept_1_2_1_13
concept_1_2_1,concept_1_2_1_14
concept_1_2_1,concept_1_2_1_15
concept_1_2_1_1,concept_1_2_1_1_1
concept_1_2_1_1,concept_1_2_1_1_2
concept_1_2_1_1,concept_1_2_1_1_3
concept_1_2_1_1,concept_1_2_1_1_4
concept_1_2_1_1_1,concept_1_2_1_1_1_1
concept_1_2_1_1_1,concept_1_2_1_1_1_2
concept_1_2_1_1_1,concept_1_2_1_1_1_3
concept_1_2_1_1_1,concept_1_2_1_1_1_4
concept_1_2_1_1_2,concept_1_2_1_1_2_1
concept_1_2_1_1_2,concept_1_2_1_1_2_2
concept_1_2_1_1_2,concept_1_2_1_1_2_3
concept_1_2_1_1_2,concept_1_2_1_1_2_4
concept_1_2_1_1_3,concept_1_2_1_1_3_1
concept_1_2_1_1_3,concept_1_2_1_1_3_2
concept_1_2_1_1_4,concept_1_2_1_1_4_1
concept_1_2_1_2,concept_1_2_1_2_1
concept_1_2_1_2,concept_1_2_1_2_2
concept_1_2_1_2,concept_1_2_1_2_3
concept_1_2_1_2,concept_1_2_1_2_4
concept_1_2_1_2,concept_1_2_1_2_5
concept_1_2_1_2,concept_1_2_1_2_6
concept_1_2_1_2,concept_1_2_1_2_7
concept_1_2_1_2_1,concept_1_2_1_2_1_1
concept_1_2_1_2_1,concept_1_2_1_2_1_2
concept_1_2_1_2_2,concept_1_2_1_2_2_1
concept_1_2_1_2_3,concept_1_2_1_2_3_1
concept_1_2_1_2_4,concept_1_2_1_2_4_1
concept_1_2_1_2_5,concept_1_2_1_2_5_1
concept_1_2_1_2_6,concept_1_2_1_2_6_1
concept_1_2_1_2_7,concept_1_2_1_2_7_1
concept_1_2_1_3,concept_1_2_1_3_1
concept_1_2_1_3,concept_1_2_1_3_2
concept_1_2_1_3,concept_1_2_1_3_3
concept_1_2_1_3,concept_1_2_1_3_4
concept_1_2_1_3,concept_1_2_1_3_5
concept_1_2_1_3,concept_1_2_1_3_6
concept_1_2_1_3_1,concept_1_2_1_3_1_1
concept_1_2_1_3_1,concept_1_2_1_3_1_2
concept_1_2_1_3_2,concept_1_2_1_3_2_1
concept_1_2_1_3_3,concept_1_2_1_3_3_1
concept_1_2_1_3_4,concept_1_2_1_3_4_1
concept_1_2_1_3_5,concept_1_2_1_3_5_1
concept_1_2_1_3_6,concept_1_2_1_3_6_1
concept_1_2_1_4,concept_1_2_1_4_1
concept_1_2_1_4,concept_1_2_1_4_2
concept_1_2_1_4,concept_1_2_1_4_3
concept_1_2_1_4,concept_1_2_1_4_4
concept_1_2_1_4,concept_1_2_1_4_5
concept_1_2_1_4_1,concept_1_2_1_4_1_1
concept_1_2_1_4_2,concept_1_2_1_4_2_1
concept_1_2_1_4_3,concept_1_2_1_4_3_1
concept_1_2_1_4_4,concept_1_2_1_4_4_1
concept_1_2_1_4_5,concept_1_2_1_4_5_1
concept_1_2_1_5,concept_1_2_1_5_1
concept_1_2_1_5,concept_1_2_1_5_2
concept_1_2_1_5,concept_1_2_1_5_3
concept_1_2_1_5_1,concept_1_2_1_5_1_1
concept_1_2_1_5_2,concept_1_2_1_5_2_1
concept_1_2_1_5_3,concept_1_2_1_5_3_1
concept_1_2_1_6,concept_1_2_1_6_1
concept_1_2_1_6_1,concept_1_2_1_6_1_1
concept_1_2_1_6_1,concept_1_2_1_6_1_2
concept_1_2_1_7,concept_1_2_1_7_1
concept_1_2_1_7,concept_1_2_1_7_2
concept_1_2_1_7_1,concept_1_2_1_7_1_1
concept_1_2_1_7_2,concept_1_2_1_7_2_1
concept_1_2_1_8,concept_1_2_1_8_1
concept_1_2_1_8_1,concept_1_2_1_8_1_1
concept_1_2_1_8_1,concept_1_2_1_8_1_2
concept_1_2_1_9,concept_1_2_1_9_1
concept_1_2_1_9_1,concept_1_2_1_9_1_1
concept_1_2_1_10,concept_1_2_1_10_1
concept_1_2_1_10_1,concept_1_2_1_10_1_1
concept_1_2_1_11,concept_1_2_1_11_1
concept_1_2_1_11_1,concept_1_2_1_11_1_1
concept_1_2_1_12,concept_1_2_1_12_1
concept_1_2_1_12_1,concept_1_2_1_12_1_1
concept_1_2_1_13,concept_1_2_1_13_1
concept_1_2_1_13_1,concept_1_2_1_13_1_1
concept_1_2_1_14,concept_1_2_1_14_1
concept_1_2_1_14_1,concept_1_2_1_14_1_1
concept_1_2_1_15,concept_1_2_1_15_1
concept_1_2_1_15_1,concept_1_2_1_15_1_1
concept_1_2_2,concept_1_2_2_1
concept_1_2_2,concept_1_2_2_2
concept_1_2_2,concept_1_2_2_3
concept_1_2_2,concept_1_2_2_4
concept_1_2_2,concept_1_2_2_5
concept_1_2_2,concept_1_2_2_6
concept_1_2_2,concept_1_2_2_7
concept_1_2_2,concept_1_2_2_8
concept_1_2_2,concept_1_2_2_9
concept_1_2_2,concept_1_2_2_10
concept_1_2_2,concept_1_2_2_11
concept_1_2_2,concept_1_2_2_12
concept_1_2_2,concept_1_2_2_13
concept_1_2_2_1,concept_1_2_2_1_1
concept_1_2_2_1,concept_1_2_2_1_2
concept_1_2_2_1,concept_1_2_2_1_3
concept_1_2_2_1,concept_1_2_2_1_4
concept_1_2_2_1,concept_1_2_2_1_5
concept_1_2_2_1,concept_1_2_2_1_6
concept_1_2_2_1_1,concept_1_2_2_1_1_1
concept_1_2_2_1_1,concept_1_2_2_1_1_2
concept_1_2_2_1_2,concept_1_2_2_1_2_1
concept_1_2_2_1_2,concept_1_2_2_1_2_2
concept_1_2_2_1_3,concept_1_2_2_1_3_1
concept_1_2_2_1_4,concept_1_2_2_1_4_1
concept_1_2_2_1_5,concept_1_2_2_1_5_1
concept_1_2_2_1_6,concept_1_2_2_1_6_1
concept_1_2_2_2,concept_1_2_2_2_1
concept_1_2_2_2,concept_1_2_2_2_2
concept_1_2_2_2,concept_1_2_2_2_3
concept_1_2_2_2,concept_1_2_2_2_4
concept_1_2_2_2_1,concept_1_2_2_2_1_1
concept_1_2_2_2_2,concept_1_2_2_2_2_1
concept_1_2_2_2_3,concept_1_2_2_2_3_1
concept_1_2_2_2_4,concept_1_2_2_2_4_1
concept_1_2_2_3,concept_1_2_2_3_1
concept_1_2_2_3_1,concept_1_2_2_3_1_1
concept_1_2_2_4,concept_1_2_2_4_1
concept_1_2_2_4_1,concept_1_2_2_4_1_1
concept_1_2_2_5,concept_1_2_2_5_1
concept_1_2_2_5_1,concept_1_2_2_5_1_1
concept_1_2_2_6,concept_1_2_2_6_1
concept_1_2_2_6_1,concept_1_2_2_6_1_1
concept_1_2_2_7,concept_1_2_2_7_1
concept_1_2_2_7_1,concept_1_2_2_7_1_1
concept_1_2_2_8,concept_1_2_2_8_1
concept_1_2_2_8_1,concept_1_2_2_8_1_1
concept_1_2_2_9,concept_1_2_2_9_1
concept_1_2_2_9_1,concept_1_2_2_9_1_1
concept_1_2_2_10,concept_1_2_2_10_1
concept_1_2_2_10_1,concept_1_2_2_10_1_1
concept_1_2_2_11,concept_1_2_2_11_1
concept_1_2_2_11_1,concept_1_2_2_11_1_1
concept_1_2_2_12,concept_1_2_2_12_1
concept_1_2_2_12_1,concept_1_2_2_12_1_1
concept_1_2_2_13,concept_1_2_2_13_1
concept_1_2_2_13_1,concept_1_2_2_13_1_1
concept_1_2_3,concept_1_2_3_1
concept_1_2_3_1,concept_1_2_3_1_1
concept_1_2_3_1_1,concept_1_2_3_1_1_1
concept_1_3,concept_1_3_1
concept_1_3,concept_1_3_2
concept_1_3,concept_1_3_3
concept_1_3,concept_1_3_4
concept_1_3_1,concept_1_3_1_1
concept_1_3_1,concept_1_3_1_2
concept_1_3_1,concept_1_3_1_3
concept_1_3_1,concept_1_3_1_4
concept_1_3_1,concept_1_3_1_5
concept_1_3_1,concept_1_3_1_6
concept_1_3_1,concept_1_3_1_7
concept_1_3_1,concept_1_3_1_8
concept_1_3_1,concept_1_3_1_9
concept_1_3_1,concept_1_3_1_10
concept_1_3_1,concept_1_3_1_11
concept_1_3_1_1,concept_1_3_1_1_1
concept_1_3_1_1,concept_1_3_1_1_2
concept_1_3_1_1,concept_1_3_1_1_3
concept_1_3_1_1,concept_1_3_1_1_4
concept_1_3_1_1,concept_1_3_1_1_5
concept_1_3_1_1,concept_1_3_1_1_6
concept_1_3_1_1,concept_1_3_1_1_7
concept_1_3_1_1,concept_1_3_1_1_8
concept_1_3_1_1,concept_1_3_1_1_9
concept_1_3_1_1,concept_1_3_1_1_10
concept_1_3_1_1_1,concept_1_3_1_1_1_1
concept_1_3_1_1_1,concept_1_3_1_1_1_2
concept_1_3_1_1_1,concept_1_3_1_1_1_3
concept_1_3_1_1_1,concept_1_3_1_1_1_4
concept_1_3_1_1_1,concept_1_3_1_1_1_5
concept_1_3_1_1_2,concept_1_3_1_1_2_1
concept_1_3_1_1_2,concept_1_3_1_1_2_2
concept_1_3_1_1_2,concept_1_3_1_1_2_3
concept_1_3_1_1_2,concept_1_3_1_1_2_4
concept_1_3_1_1_3,concept_1_3_1_1_3_1
concept_1_3_1_1_3,concept_1_3_1_1_3_2
concept_1_3_1_1_4,concept_1_3_1_1_4_1
concept_1_3_1_1_5,concept_1_3_1_1_5_1
concept_1_3_1_1_6,concept_1_3_1_1_6_1
concept_1_3_1_1_7,concept_1_3_1_1_7_1
concept_1_3_1_1_8,concept_1_3_1_1_8_1
concept_1_3_1_1_9,concept_1_3_1_1_9_1
concept_1_3_1_1_10,concept_1_3_1_1_10_1
concept_1_3_1_2,concept_1_3_1_2_1
concept_1_3_1_2,concept_1_3_1_2_2
concept_1_3_1_2,concept_1_3_1_2_3
concept_1_3_1_2,concept_1_3_1_2_4
concept_1_3_1_2_1,concept_1_3_1_2_1_1
concept_1_3_1_2_1,concept_1_3_1_2_1_2
concept_1_3_1_2_1,concept_1_3_1_2_1_3
concept_1_3_1_2_1,concept_1_3_1_2_1_4
concept_1_3_1_2_1,concept_1_3_1_2_1_5
concept_1_3_1_2_2,concept_1_3_1_2_2_1
concept_1_3_1_2_2,concept_1_3_1_2_2_2
concept_1_3_1_2_2,concept_1_3_1_2_2_3
concept_1_3_1_2_2,concept_1_3_1_2_2_4
concept_1_3_1_2_3,concept_1_3_1_2_3_1
concept_1_3_1_2_4,concept_1_3_1_2_4_1
concept_1_3_1_3,concept_1_3_1_3_1
concept_1_3_1_3,concept_1_3_1_3_2
concept_1_3_1_3,concept_1_3_1_3_3
concept_1_3_1_3_1,concept_1_3_1_3_1_1
concept_1_3_1_3_2,concept_1_3_1_3_2_1
concept_1_3_1_3_3,concept_1_3_1_3_3_1
concept_1_3_1_4,concept_1_3_1_4_1
concept_1_3_1_4,concept_1_3_1_4_2
concept_1_3_1_4_1,concept_1_3_1_4_1_1
concept_1_3_1_4_2,concept_1_3_1_4_2_1
concept_1_3_1_5,concept_1_3_1_5_1
concept_1_3_1_5,concept_1_3_1_5_2
concept_1_3_1_5_1,concept_1_3_1_5_1_1
concept_1_3_1_5_2,concept_1_3_1_5_2_1
concept_1_3_1_6,concept_1_3_1_6_1
concept_1_3_1_6_1,concept_1_3_1_6_1_1
concept_1_3_1_6_1,concept_1_3_1_6_1_2
concept_1_3_1_7,concept_1_3_1_7_1
concept_1_3_1_7_1,concept_1_3_1_7_1_1
concept_1_3_1_8,concept_1_3_1_8_1
concept_1_3_1_8_1,concept_1_3_1_8_1_1
concept_1_3_1_9,concept_1_3_1_9_1
concept_1_3_1_9_1,concept_1_3_1_9_1_1
concept_1_3_1_10,concept_1_3_1_10_1
concept_1_3_1_10_1,concept_1_3_1_10_1_1
concept_1_3_1_11,concept_1_3_1_11_1
concept_1_3_1_11_1,concept_1_3_1_11_1_1
concept_1_3_2,concept_1_3_2_1
concept_1_3_2,concept_1_3_2_2
concept_1_3_2,concept_1_3_2_3
concept_1_3_2_1,concept_1_3_2_1_1
concept_1_3_2_1,concept_1_3_2_1_2
concept_1_3_2_1_1,concept_1_3_2_1_1_1
concept_1_3_2_1_2,concept_1_3_2_1_2_1
concept_1_3_2_2,concept_1_3_2_2_1
concept_1_3_2_2_1,concept_1_3_2_2_1_1
concept_1_3_2_3,concept_1_3_2_3_1
concept_1_3_2_3_1,concept_1_3_2_3_1_1
concept_1_3_3,concept_1_3_3_1
concept_1_3_3_1,concept_1_3_3_1_1
concept_1_3_3_1_1,concept_1_3_3_1_1_1
concept_1_3_4,concept_1_3_4_1
concept_1_3_4_1,concept_1_3_4_1_1
concept_1_3_4_1_1,concept_1_3_4_1_1_1
concept_1_4,concept_1_4_1
concept_1_4,concept_1_4_2
concept_1_4_1,concept_1_4_1_1
concept_1_4_1,concept_1_4_1_2
concept_1_4_1,concept_1_4_1_3
concept_1_4_1,concept_1_4_1_4
concept_1_4_1,concept_1_4_1_5
concept_1_4_1,concept_1_4_1_6
concept_1_4_1,concept_1_4_1_7
concept_1_4_1,concept_1_4_1_8
concept_1_4_1,concept_1_4_1_9
concept_1_4_1,concept_1_4_1_10
concept_1_4_1,concept_1_4_1_11
concept_1_4_1,concept_1_4_1_12
concept_1_4_1,concept_1_4_1_13
concept_1_4_1,concept_1_4_1_14
concept_1_4_1,concept_1_4_1_15
concept_1_4_1,concept_1_4_1_16
concept_1_4_1,concept_1_4_1_17
concept_1_4_1,concept_1_4_1_18
concept_1_4_1,concept_1_4_1_19
concept_1_4_1,concept_1_4_1_20
concept_1_4_1,concept_1_4_1_21
concept_1_4_1,concept_1_4_1_22
concept_1_4_1_1,concept_1_4_1_1_1
concept_1_4_1_1,concept_1_4_1_1_2
concept_1_4_1_1,concept_1_4_1_1_3
concept_1_4_1_1,concept_1_4_1_1_4
concept_1_4_1_1,concept_1_4_1_1_5
concept_1_4_1_1,concept_1_4_1_1_6
concept_1_4_1_1,concept_1_4_1_1_7
concept_1_4_1_1_1,concept_1_4_1_1_1_1
concept_1_4_1_1_1,concept_1_4_1_1_1_2
concept_1_4_1_1_2,concept_1_4_1_1_2_1
concept_1_4_1_1_2,concept_1_4_1_1_2_2
concept_1_4_1_1_3,concept_1_4_1_1_3_1
concept_1_4_1_1_4,concept_1_4_1_1_4_1
concept_1_4_1_1_5,concept_1_4_1_1_5_1
concept_1_4_1_1_6,concept_1_4_1_1_6_1
concept_1_4_1_1_7,concept_1_4_1_1_7_1
concept_1_4_1_2,concept_1_4_1_2_1
concept_1_4_1_2_1,concept_1_4_1_2_1_1
concept_1_4_1_2_1,concept_1_4_1_2_1_2
concept_1_4_1_3,concept_1_4_1_3_1
concept_1_4_1_3,concept_1_4_1_3_2
concept_1_4_1_3_1,concept_1_4_1_3_1_1
concept_1_4_1_3_2,concept_1_4_1_3_2_1
concept_1_4_1_4,concept_1_4_1_4_1
concept_1_4_1_4_1,concept_1_4_1_4_1_1
concept_1_4_1_4_1,concept_1_4_1_4_1_2
concept_1_4_1_5,concept_1_4_1_5_1
concept_1_4_1_5,concept_1_4_1_5_2
concept_1_4_1_5_1,concept_1_4_1_5_1_1
concept_1_4_1_5_2,concept_1_4_1_5_2_1
concept_1_4_1_6,concept_1_4_1_6_1
concept_1_4_1_6_1,concept_1_4_1_6_1_1
concept_1_4_1_7,concept_1_4_1_7_1
concept_1_4_1_7_1,concept_1_4_1_7_1_1
concept_1_4_1_8,concept_1_4_1_8_1
concept_1_4_1_8_1,concept_1_4_1_8_1_1
concept_1_4_1_9,concept_1_4_1_9_1
concept_1_4_1_9_1,concept_1_4_1_9_1_1
concept_1_4_1_10,concept_1_4_1_10_1
concept_1_4_1_10_1,concept_1_4_1_10_1_1
concept_1_4_1_11,concept_1_4_1_11_1
concept_1_4_1_11_1,concept_1_4_1_11_1_1
concept_1_4_1_12,concept_1_4_1_12_1
concept_1_4_1_12_1,concept_1_4_1_12_1_1
concept_1_4_1_13,concept_1_4_1_13_1
concept_1_4_1_13_1,concept_1_4_1_13_1_1
concept_1_4_1_14,concept_1_4_1_14_1
concept_1_4_1_14_1,concept_1_4_1_14_1_1
concept_1_4_1_15,concept_1_4_1_15_1
concept_1_4_1_15_1,concept_1_4_1_15_1_1
concept_1_4_1_16,concept_1_4_1_16_1
concept_1_4_1_16_1,concept_1_4_1_16_1_1
concept_1_4_1_17,concept_1_4_1_17_1
concept_1_4_1_17_1,concept_1_4_1_17_1_1
concept_1_4_1_18,concept_1_4_1_18_1
concept_1_4_1_18_1,concept_1_4_1_18_1_1
concept_1_4_1_19,concept_1_4_1_19_1
concept_1_4_1_19_1,concept_1_4_1_19_1_1
concept_1_4_1_20,concept_1_4_1_20_1
concept_1_4_1_20_1,concept_1_4_1_20_1_1
concept_1_4_1_21,concept_1_4_1_21_1
concept_1_4_1_21_1,concept_1_4_1_21_1_1
concept_1_4_1_22,concept_1_4_1_22_1
concept_1_4_1_22_1,concept_1_4_1_22_1_1
concept_1_4_2,concept_1_4_2_1
concept_1_4_2_1,concept_1_4_2_1_1
concept_1_4_2_1_1,concept_1_4_2_1_1_1
concept_1_5,concept_1_5_1
concept_1_5_1,concept_1_5_1_1
concept_1_5_1,concept_1_5_1_2
concept_1_5_1,concept_1_5_1_3
concept_1_5_1,concept_1_5_1_4
concept_1_5_1,concept_1_5_1_5
concept_1_5_1,concept_1_5_1_6
concept_1_5_1,concept_1_5_1_7
concept_1_5_1,concept_1_5_1_8
concept_1_5_1,concept_1_5_1_9
concept_1_5_1,concept_1_5_1_10
concept_1_5_1,concept_1_5_1_11
concept_1_5_1,concept_1_5_1_12
concept_1_5_1,concept_1_5_1_13
concept_1_5_1,concept_1_5_1_14
concept_1_5_1,concept_1_5_1_15
concept_1_5_1,concept_1_5_1_16
concept_1_5_1,concept_1_5_1_17
concept_1_5_1_1,concept_1_5_1_1_1
concept_1_5_1_1,concept_1_5_1_1_2
concept_1_5_1_1,concept_1_5_1_1_3
concept_1_5_1_1,concept_1_5_1_1_4
concept_1_5_1_1,concept_1_5_1_1_5
concept_1_5_1_1,concept_1_5_1_1_6
concept_1_5_1_1_1,concept_1_5_1_1_1_1
concept_1_5_1_1_1,concept_1_5_1_1_1_2
concept_1_5_1_1_2,concept_1_5_1_1_2_1
concept_1_5_1_1_3,concept_1_5_1_1_3_1
concept_1_5_1_1_4,concept_1_5_1_1_4_1
concept_1_5_1_1_5,concept_1_5_1_1_5_1
concept_1_5_1_1_6,concept_1_5_1_1_6_1
concept_1_5_1_2,concept_1_5_1_2_1
concept_1_5_1_2,concept_1_5_1_2_2
concept_1_5_1_2,concept_1_5_1_2_3
concept_1_5_1_2_1,concept_1_5_1_2_1_1
concept_1_5_1_2_2,concept_1_5_1_2_2_1
concept_1_5_1_2_3,concept_1_5_1_2_3_1
concept_1_5_1_3,concept_1_5_1_3_1
concept_1_5_1_3,concept_1_5_1_3_2
concept_1_5_1_3_1,concept_1_5_1_3_1_1
concept_1_5_1_3_2,concept_1_5_1_3_2_1
concept_1_5_1_4,concept_1_5_1_4_1
concept_1_5_1_4,concept_1_5_1_4_2
concept_1_5_1_4_1,concept_1_5_1_4_1_1
concept_1_5_1_4_2,concept_1_5_1_4_2_1
concept_1_5_1_5,concept_1_5_1_5_1
concept_1_5_1_5,concept_1_5_1_5_2
concept_1_5_1_5_1,concept_1_5_1_5_1_1
concept_1_5_1_5_2,concept_1_5_1_5_2_1
concept_1_5_1_6,concept_1_5_1_6_1
concept_1_5_1_6_1,concept_1_5_1_6_1_1
concept_1_5_1_7,concept_1_5_1_7_1
concept_1_5_1_7_1,concept_1_5_1_7_1_1
concept_1_5_1_8,concept_1_5_1_8_1
concept_1_5_1_8_1,concept_1_5_1_8_1_1
concept_1_5_1_9,concept_1_5_1_9_1
concept_1_5_1_9_1,concept_1_5_1_9_1_1
concept_1_5_1_10,concept_1_5_1_10_1
concept_1_5_1_10_1,concept_1_5_1_10_1_1
concept_1_5_1_11,concept_1_5_1_11_1
concept_1_5_1_11_1,concept_1_5_1_11_1_1
concept_1_5_1_12,concept_1_5_1_12_1
concept_1_5_1_12_1,concept_1_5_1_12_1_1
concept_1_5_1_13,concept_1_5_1_13_1
concept_1_5_1_13_1,concept_1_5_1_13_1_1
concept_1_5_1_14,concept_1_5_1_14_1
concept_1_5_1_14_1,concept_1_5_1_14_1_1
concept_1_5_1_15,concept_1_5_1_15_1
concept_1_5_1_15_1,concept_1_5_1_15_1_1
concept_1_5_1_16,concept_1_5_1_16_1
concept_1_5_1_16_1,concept_1_5_1_16_1_1
concept_1_5_1_17,concept_1_5_1_17_1
concept_1_5_1_17_1,concept_1_5_1_17_1_1
concept_1_6,concept_1_6_1
concept_1_6_1,concept_1_6_1_1
concept_1_6_1,concept_1_6_1_2
concept_1_6_1,concept_1_6_1_3
concept_1_6_1,concept_1_6_1_4
concept_1_6_1,concept_1_6_1_5
concept_1_6_1,concept_1_6_1_6
concept_1_6_1,concept_1_6_1_7
concept_1_6_1,concept_1_6_1_8
concept_1_6_1,concept_1_6_1_9
concept_1_6_1,concept_1_6_1_10
concept_1_6_1,concept_1_6_1_11
concept_1_6_1,concept_1_6_1_12
concept_1_6_1,concept_1_6_1_13
concept_1_6_1,concept_1_6_1_14
concept_1_6_1,concept_1_6_1_15
concept_1_6_1,concept_1_6_1_16
concept_1_6_1_1,concept_1_6_1_1_1
concept_1_6_1_1,concept_1_6_1_1_2
concept_1_6_1_1,concept_1_6_1_1_3
concept_1_6_1_1_1,concept_1_6_1_1_1_1
concept_1_6_1_1_1,concept_1_6_1_1_1_2
concept_1_6_1_1_2,concept_1_6_1_1_2_1
concept_1_6_1_1_3,concept_1_6_1_1_3_1
concept_1_6_1_2,concept_1_6_1_2_1
concept_1_6_1_2,concept_1_6_1_2_2
concept_1_6_1_2_1,concept_1_6_1_2_1_1
concept_1_6_1_2_2,concept_1_6_1_2_2_1
concept_1_6_1_3,concept_1_6_1_3_1
concept_1_6_1_3,concept_1_6_1_3_2
concept_1_6_1_3_1,concept_1_6_1_3_1_1
concept_1_6_1_3_2,concept_1_6_1_3_2_1
concept_1_6_1_4,concept_1_6_1_4_1
concept_1_6_1_4,concept_1_6_1_4_2
concept_1_6_1_4_1,concept_1_6_1_4_1_1
concept_1_6_1_4_2,concept_1_6_1_4_2_1
concept_1_6_1_5,concept_1_6_1_5_1
concept_1_6_1_5,concept_1_6_1_5_2
concept_1_6_1_5_1,concept_1_6_1_5_1_1
concept_1_6_1_5_2,concept_1_6_1_5_2_1
concept_1_6_1_6,concept_1_6_1_6_1
concept_1_6_1_6,concept_1_6_1_6_2
concept_1_6_1_6_1,concept_1_6_1_6_1_1
concept_1_6_1_6_2,concept_1_6_1_6_2_1
concept_1_6_1_7,concept_1_6_1_7_1
concept_1_6_1_7_1,concept_1_6_1_7_1_1
concept_1_6_1_7_1,concept_1_6_1_7_1_2
concept_1_6_1_8,concept_1_6_1_8_1
concept_1_6_1_8_1,concept_1_6_1_8_1_1
concept_1_6_1_9,concept_1_6_1_9_1
concept_1_6_1_9_1,concept_1_6_1_9_1_1
concept_1_6_1_10,concept_1_6_1_10_1
concept_1_6_1_10_1,concept_1_6_1_10_1_1
concept_1_6_1_11,concept_1_6_1_11_1
concept_1_6_1_11_1,concept_1_6_1_11_1_1
concept_1_6_1_12,concept_1_6_1_12_1
concept_1_6_1_12_1,concept_1_6_1_12_1_1
concept_1_6_1_13,concept_1_6_1_13_1
concept_1_6_1_13_1,concept_1_6_1_13_1_1
concept_1_6_1_14,concept_1_6_1_14_1
concept_1_6_1_14_1,concept_1_6_1_14_1_1
concept_1_6_1_15,concept_1_6_1_15_1
concept_1_6_1_15_1,concept_1_6_1_15_1_1
concept_1_6_1_16,concept_1_6_1_16_1
concept_1_6_1_16_1,concept_1_6_1_16_1_1
concept_1_7,concept_1_7_1
concept_1_7,concept_1_7_2
concept_1_7_1,concept_1_7_1_1
concept_1_7_1,concept_1_7_1_2
concept_1_7_1,concept_1_7_1_3
concept_1_7_1,concept_1_7_1_4
concept_1_7_1,concept_1_7_1_5
concept_1_7_1,concept_1_7_1_6
concept_1_7_1,concept_1_7_1_7
concept_1_7_1,concept_1_7_1_8
concept_1_7_1,concept_1_7_1_9
concept_1_7_1,concept_1_7_1_10
concept_1_7_1,concept_1_7_1_11
concept_1_7_1,concept_1_7_1_12
concept_1_7_1,concept_1_7_1_13
concept_1_7_1,concept_1_7_1_14
concept_1_7_1,concept_1_7_1_15
concept_1_7_1,concept_1_7_1_16
concept_1_7_1_1,concept_1_7_1_1_1
concept_1_7_1_1,concept_1_7_1_1_2
concept_1_7_1_1_1,concept_1_7_1_1_1_1
concept_1_7_1_1_2,concept_1_7_1_1_2_1
concept_1_7_1_2,concept_1_7_1_2_1
concept_1_7_1_2_1,concept_1_7_1_2_1_1
concept_1_7_1_3,concept_1_7_1_3_1
concept_1_7_1_3_1,concept_1_7_1_3_1_1
concept_1_7_1_4,concept_1_7_1_4_1
concept_1_7_1_4_1,concept_1_7_1_4_1_1
concept_1_7_1_5,concept_1_7_1_5_1
concept_1_7_1_5_1,concept_1_7_1_5_1_1
concept_1_7_1_6,concept_1_7_1_6_1
concept_1_7_1_6_1,concept_1_7_1_6_1_1
concept_1_7_1_7,concept_1_7_1_7_1
concept_1_7_1_7_1,concept_1_7_1_7_1_1
concept_1_7_1_8,concept_1_7_1_8_1
concept_1_7_1_8_1,concept_1_7_1_8_1_1
concept_1_7_1_9,concept_1_7_1_9_1
concept_1_7_1_9_1,concept_1_7_1_9_1_1
concept_1_7_1_10,concept_1_7_1_10_1
concept_1_7_1_10_1,concept_1_7_1_10_1_1
concept_1_7_1_11,concept_1_7_1_11_1
concept_1_7_1_11_1,concept_1_7_1_11_1_1
concept_1_7_1_12,concept_1_7_1_12_1
concept_1_7_1_12_1,concept_1_7_1_12_1_1
concept_1_7_1_13,concept_1_7_1_13_1
concept_1_7_1_13_1,concept_1_7_1_13_1_1
concept_1_7_1_14,concept_1_7_1_14_1
concept_1_7_1_14_1,concept_1_7_1_14_1_1
concept_1_7_1_15,concept_1_7_1_15_1
concept_1_7_1_15_1,concept_1_7_1_15_1_1
concept_1_7_1_16,concept_1_7_1_16_1
concept_1_7_1_16_1,concept_1_7_1_16_1_1
concept_1_7_2,concept_1_7_2_1
concept_1_7_2_1,concept_1_7_2_1_1
concept_1_7_2_1,concept_1_7_2_1_2
concept_1_7_2_1_1,concept_1_7_2_1_1_1
concept_1_7_2_1_2,concept_1_7_2_1_2_1
concept_2,concept_2_1
concept_2,concept_2_2
concept_2,concept_2_3
concept_2,concept_2_4
concept_2,concept_2_5
concept_2,concept_2_6
concept_2,concept_2_7
concept_2,concept_2_8
concept_2,concept_2_9
concept_2,concept_2_10
concept_2_1,concept_2_1_1
concept_2_1,concept_2_1_2
concept_2_1,concept_2_1_3
concept_2_1_1,concept_2_1_1_1
concept_2_1_1,concept_2_1_1_2
concept_2_1_1,concept_2_1_1_3
concept_2_1_1,concept_2_1_1_4
concept_2_1_1,concept_2_1_1_5
concept_2_1_1,concept_2_1_1_6
concept_2_1_1,concept_2_1_1_7
concept_2_1_1,concept_2_1_1_8
concept_2_1_1,concept_2_1_1_9
concept_2_1_1,concept_2_1_1_10
concept_2_1_1,concept_2_1_1_11
concept_2_1_1_1,concept_2_1_1_1_1
concept_2_1_1_1,concept_2_1_1_1_2
concept_2_1_1_1,concept_2_1_1_1_3
concept_2_1_1_1,concept_2_1_1_1_4
concept_2_1_1_1,concept_2_1_1_1_5
concept_2_1_1_1,concept_2_1_1_1_6
concept_2_1_1_1,concept_2_1_1_1_7
concept_2_1_1_1,concept_2_1_1_1_8
concept_2_1_1_1,concept_2_1_1_1_9
concept_2_1_1_1,concept_2_1_1_1_10
concept_2_1_1_1,concept_2_1_1_1_11
concept_2_1_1_1,concept_2_1_1_1_12
concept_2_1_1_1,concept_2_1_1_1_13
concept_2_1_1_1,concept_2_1_1_1_14
concept_2_1_1_1,concept_2_1_1_1_15
concept_2_1_1_1,concept_2_1_1_1_16
concept_2_1_1_1,concept_2_1_1_1_17
concept_2_1_1_1,concept_2_1_1_1_18
concept_2_1_1_1,concept_2_1_1_1_19
concept_2_1_1_1,concept_2_1_1_1_20
concept_2_1_1_1_1,concept_2_1_1_1_1_1
concept_2_1_1_1_1,concept_2_1_1_1_1_2
concept_2_1_1_1_1,concept_2_1_1_1_1_3
concept_2_1_1_1_2,concept_2_1_1_1_2_1
concept_2_1_1_1_2,concept_2_1_1_1_2_2
concept_2_1_1_1_3,concept_2_1_1_1_3_1
concept_2_1_1_1_3,concept_2_1_1_1_3_2
concept_2_1_1_1_4,concept_2_1_1_1_4_1
concept_2_1_1_1_4,concept_2_1_1_1_4_2
concept_2_1_1_1_5,concept_2_1_1_1_5_1
concept_2_1_1_1_6,concept_2_1_1_1_6_1
concept_2_1_1_1_7,concept_2_1_1_1_7_1
concept_2_1_1_1_8,concept_2_1_1_1_8_1
concept_2_1_1_1_9,concept_2_1_1_1_9_1
concept_2_1_1_1_10,concept_2_1_1_1_10_1
concept_2_1_1_1_11,concept_2_1_1_1_11_1
concept_2_1_1_1_12,concept_2_1_1_1_12_1
concept_2_1_1_1_13,concept_2_1_1_1_13_1
concept_2_1_1_1_14,concept_2_1_1_1_14_1
concept_2_1_1_1_15,concept_2_1_1_1_15_1
concept_2_1_1_1_16,concept_2_1_1_1_16_1
concept_2_1_1_1_17,concept_2_1_1_1_17_1
concept_2_1_1_1_18,concept_2_1_1_1_18_1
concept_2_1_1_1_19,concept_2_1_1_1_19_1
concept_2_1_1_1_20,concept_2_1_1_1_20_1
concept_2_1_1_2,concept_2_1_1_2_1
concept_2_1_1_2,concept_2_1_1_2_2
concept_2_1_1_2,concept_2_1_1_2_3
concept_2_1_1_2,concept_2_1_1_2_4
concept_2_1_1_2,concept_2_1_1_2_5
concept_2_1_1_2,concept_2_1_1_2_6
concept_2_1_1_2,concept_2_1_1_2_7
concept_2_1_1_2,concept_2_1_1_2_8
concept_2_1_1_2,concept_2_1_1_2_9
concept_2_1_1_2,concept_2_1_1_2_10
concept_2_1_1_2,concept_2_1_1_2_11
concept_2_1_1_2_1,concept_2_1_1_2_1_1
concept_2_1_1_2_2,concept_2_1_1_2_2_1
concept_2_1_1_2_3,concept_2_1_1_2_3_1
concept_2_1_1_2_4,concept_2_1_1_2_4_1
concept_2_1_1_2_5,concept_2_1_1_2_5_1
concept_2_1_1_2_6,concept_2_1_1_2_6_1
concept_2_1_1_2_7,concept_2_1_1_2_7_1
concept_2_1_1_2_8,concept_2_1_1_2_8_1
concept_2_1_1_2_9,concept_2_1_1_2_9_1
concept_2_1_1_2_10,concept_2_1_1_2_10_1
concept_2_1_1_2_11,concept_2_1_1_2_11_1
concept_2_1_1_3,concept_2_1_1_3_1
concept_2_1_1_3,concept_2_1_1_3_2
concept_2_1_1_3_1,concept_2_1_1_3_1_1
concept_2_1_1_3_2,concept_2_1_1_3_2_1
concept_2_1_1_4,concept_2_1_1_4_1
concept_2_1_1_4,concept_2_1_1_4_2
concept_2_1_1_4_1,concept_2_1_1_4_1_1
concept_2_1_1_4_2,concept_2_1_1_4_2_1
concept_2_1_1_5,concept_2_1_1_5_1
concept_2_1_1_5_1,concept_2_1_1_5_1_1
concept_2_1_1_6,concept_2_1_1_6_1
concept_2_1_1_6_1,concept_2_1_1_6_1_1
concept_2_1_1_7,concept_2_1_1_7_1
concept_2_1_1_7_1,concept_2_1_1_7_1_1
concept_2_1_1_8,concept_2_1_1_8_1
concept_2_1_1_8_1,concept_2_1_1_8_1_1
concept_2_1_1_9,concept_2_1_1_9_1
concept_2_1_1_9_1,concept_2_1_1_9_1_1
concept_2_1_1_10,concept_2_1_1_10_1
concept_2_1_1_10_1,concept_2_1_1_10_1_1
concept_2_1_1_11,concept_2_1_1_11_1
concept_2_1_1_11_1,concept_2_1_1_11_1_1
concept_2_1_2,concept_2_1_2_1
concept_2_1_2_1,concept_2_1_2_1_1
concept_2_1_2_1,concept_2_1_2_1_2
concept_2_1_2_1,concept_2_1_2_1_3
concept_2_1_2_1,concept_2_1_2_1_4
concept_2_1_2_1_1,concept_2_1_2_1_1_1
concept_2_1_2_1_2,concept_2_1_2_1_2_1
concept_2_1_2_1_3,concept_2_1_2_1_3_1
concept_2_1_2_1_4,concept_2_1_2_1_4_1
concept_2_1_3,concept_2_1_3_1
concept_2_1_3,concept_2_1_3_2
concept_2_1_3,concept_2_1_3_3
concept_2_1_3_1,concept_2_1_3_1_1
concept_2_1_3_1_1,concept_2_1_3_1_1_1
concept_2_1_3_2,concept_2_1_3_2_1
concept_2_1_3_2_1,concept_2_1_3_2_1_1
concept_2_1_3_3,concept_2_1_3_3_1
concept_2_1_3_3_1,concept_2_1_3_3_1_1
concept_2_2,concept_2_2_1
concept_2_2_1,concept_2_2_1_1
concept_2_2_1,concept_2_2_1_2
concept_2_2_1,concept_2_2_1_3
concept_2_2_1,concept_2_2_1_4
concept_2_2_1,concept_2_2_1_5
concept_2_2_1,concept_2_2_1_6
concept_2_2_1,concept_2_2_1_7
concept_2_2_1,concept_2_2_1_8
concept_2_2_1_1,concept_2_2_1_1_1
concept_2_2_1_1,concept_2_2_1_1_2
concept_2_2_1_1,concept_2_2_1_1_3
concept_2_2_1_1,concept_2_2_1_1_4
concept_2_2_1_1,concept_2_2_1_1_5
concept_2_2_1_1_1,concept_2_2_1_1_1_1
concept_2_2_1_1_2,concept_2_2_1_1_2_1
concept_2_2_1_1_3,concept_2_2_1_1_3_1
concept_2_2_1_1_4,concept_2_2_1_1_4_1
concept_2_2_1_1_5,concept_2_2_1_1_5_1
concept_2_2_1_2,concept_2_2_1_2_1
concept_2_2_1_2,concept_2_2_1_2_2
concept_2_2_1_2_1,concept_2_2_1_2_1_1
concept_2_2_1_2_2,concept_2_2_1_2_2_1
concept_2_2_1_3,concept_2_2_1_3_1
concept_2_2_1_3,concept_2_2_1_3_2
concept_2_2_1_3_1,concept_2_2_1_3_1_1
concept_2_2_1_3_2,concept_2_2_1_3_2_1
concept_2_2_1_4,concept_2_2_1_4_1
concept_2_2_1_4_1,concept_2_2_1_4_1_1
concept_2_2_1_5,concept_2_2_1_5_1
concept_2_2_1_5_1,concept_2_2_1_5_1_1
concept_2_2_1_6,concept_2_2_1_6_1
concept_2_2_1_6_1,concept_2_2_1_6_1_1
concept_2_2_1_7,concept_2_2_1_7_1
concept_2_2_1_7_1,concept_2_2_1_7_1_1
concept_2_2_1_8,concept_2_2_1_8_1
concept_2_2_1_8_1,concept_2_2_1_8_1_1
concept_2_3,concept_2_3_1
concept_2_3,concept_2_3_2
concept_2_3_1,concept_2_3_1_1
concept_2_3_1,concept_2_3_1_2
concept_2_3_1,concept_2_3_1_3
concept_2_3_1_1,concept_2_3_1_1_1
concept_2_3_1_1,concept_2_3_1_1_2
concept_2_3_1_1_1,concept_2_3_1_1_1_1
concept_2_3_1_1_2,concept_2_3_1_1_2_1
concept_2_3_1_2,concept_2_3_1_2_1
concept_2_3_1_2_1,concept_2_3_1_2_1_1
concept_2_3_1_2_1,concept_2_3_1_2_1_2
concept_2_3_1_3,concept_2_3_1_3_1
concept_2_3_1_3_1,concept_2_3_1_3_1_1
concept_2_3_1_3_1,concept_2_3_1_3_1_2
concept_2_3_2,concept_2_3_2_1
concept_2_3_2,concept_2_3_2_2
concept_2_3_2_1,concept_2_3_2_1_1
concept_2_3_2_1,concept_2_3_2_1_2
concept_2_3_2_1,concept_2_3_2_1_3
concept_2_3_2_1_1,concept_2_3_2_1_1_1
concept_2_3_2_1_2,concept_2_3_2_1_2_1
concept_2_3_2_1_3,concept_2_3_2_1_3_1
concept_2_3_2_2,concept_2_3_2_2_1
concept_2_3_2_2_1,concept_2_3_2_2_1_1
concept_2_3_2_2_1,concept_2_3_2_2_1_2
concept_2_3_2_2_1,concept_2_3_2_2_1_3
concept_2_4,concept_2_4_1
concept_2_4,concept_2_4_2
concept_2_4,concept_2_4_3
concept_2_4_1,concept_2_4_1_1
concept_2_4_1,concept_2_4_1_2
concept_2_4_1,concept_2_4_1_3
concept_2_4_1,concept_2_4_1_4
concept_2_4_1_1,concept_2_4_1_1_1
concept_2_4_1_1_1,concept_2_4_1_1_1_1
concept_2_4_1_2,concept_2_4_1_2_1
concept_2_4_1_2_1,concept_2_4_1_2_1_1
concept_2_4_1_3,concept_2_4_1_3_1
concept_2_4_1_3_1,concept_2_4_1_3_1_1
concept_2_4_1_4,concept_2_4_1_4_1
concept_2_4_1_4_1,concept_2_4_1_4_1_1
concept_2_4_2,concept_2_4_2_1
concept_2_4_2_1,concept_2_4_2_1_1
concept_2_4_2_1_1,concept_2_4_2_1_1_1
concept_2_4_2_1_1,concept_2_4_2_1_1_2
concept_2_4_2_1_1,concept_2_4_2_1_1_3
concept_2_4_3,concept_2_4_3_1
concept_2_4_3_1,concept_2_4_3_1_1
concept_2_4_3_1_1,concept_2_4_3_1_1_1
concept_2_5,concept_2_5_1
concept_2_5,concept_2_5_2
concept_2_5_1,concept_2_5_1_1
concept_2_5_1_1,concept_2_5_1_1_1
concept_2_5_1_1_1,concept_2_5_1_1_1_1
concept_2_5_1_1_1,concept_2_5_1_1_1_2
concept_2_5_1_1_1,concept_2_5_1_1_1_3
concept_2_5_2,concept_2_5_2_1
concept_2_5_2,concept_2_5_2_2
concept_2_5_2_1,concept_2_5_2_1_1
concept_2_5_2_1,concept_2_5_2_1_2
concept_2_5_2_1_1,concept_2_5_2_1_1_1
concept_2_5_2_1_2,concept_2_5_2_1_2_1
concept_2_5_2_2,concept_2_5_2_2_1
concept_2_5_2_2_1,concept_2_5_2_2_1_1
concept_2_6,concept_2_6_1
concept_2_6_1,concept_2_6_1_1
concept_2_6_1,concept_2_6_1_2
concept_2_6_1,concept_2_6_1_3
concept_2_6_1,concept_2_6_1_4
concept_2_6_1_1,concept_2_6_1_1_1
concept_2_6_1_1,concept_2_6_1_1_2
concept_2_6_1_1_1,concept_2_6_1_1_1_1
concept_2_6_1_1_2,concept_2_6_1_1_2_1
concept_2_6_1_2,concept_2_6_1_2_1
concept_2_6_1_2_1,concept_2_6_1_2_1_1
concept_2_6_1_3,concept_2_6_1_3_1
concept_2_6_1_3_1,concept_2_6_1_3_1_1
concept_2_6_1_4,concept_2_6_1_4_1
concept_2_6_1_4_1,concept_2_6_1_4_1_1
concept_2_7,concept_2_7_1
concept_2_7_1,concept_2_7_1_1
concept_2_7_1,concept_2_7_1_2
concept_2_7_1,concept_2_7_1_3
concept_2_7_1,concept_2_7_1_4
concept_2_7_1,concept_2_7_1_5
concept_2_7_1_1,concept_2_7_1_1_1
concept_2_7_1_1_1,concept_2_7_1_1_1_1
concept_2_7_1_2,concept_2_7_1_2_1
concept_2_7_1_2_1,concept_2_7_1_2_1_1
concept_2_7_1_3,concept_2_7_1_3_1
concept_2_7_1_3_1,concept_2_7_1_3_1_1
concept_2_7_1_4,concept_2_7_1_4_1
concept_2_7_1_4_1,concept_2_7_1_4_1_1
concept_2_7_1_5,concept_2_7_1_5_1
concept_2_7_1_5_1,concept_2_7_1_5_1_1
concept_2_8,concept_2_8_1
concept_2_8_1,concept_2_8_1_1
concept_2_8_1_1,concept_2_8_1_1_1
concept_2_8_1_1,concept_2_8_1_1_2
concept_2_8_1_1,concept_2_8_1_1_3
concept_2_8_1_1_1,concept_2_8_1_1_1_1
concept_2_8_1_1_2,concept_2_8_1_1_2_1
concept_2_8_1_1_3,concept_2_8_1_1_3_1
concept_2_9,concept_2_9_1
concept_2_9_1,concept_2_9_1_1
concept_2_9_1_1,concept_2_9_1_1_1
concept_2_9_1_1_1,concept_2_9_1_1_1_1
concept_2_10,concept_2_10_1
concept_2_10_1,concept_2_10_1_1
concept_2_10_1_1,concept_2_10_1_1_1
concept_2_10_1_1_1,concept_2_10_1_1_1_1
concept_3,concept_3_1
concept_3_1,concept_3_1_1
concept_3_1_1,concept_3_1_1_1
concept_3_1_1,concept_3_1_1_2
concept_3_1_1,concept_3_1_1_3
concept_3_1_1,concept_3_1_1_4
concept_3_1_1,concept_3_1_1_5
concept_3_1_1,concept_3_1_1_6
concept_3_1_1,concept_3_1_1_7
concept_3_1_1,concept_3_1_1_8
concept_3_1_1,concept_3_1_1_9
concept_3_1_1,concept_3_1_1_10
concept_3_1_1,concept_3_1_1_11
concept_3_1_1,concept_3_1_1_12
concept_3_1_1,concept_3_1_1_13
concept_3_1_1,concept_3_1_1_14
concept_3_1_1,concept_3_1_1_15
concept_3_1_1,concept_3_1_1_16
concept_3_1_1,concept_3_1_1_17
concept_3_1_1,concept_3_1_1_18
concept_3_1_1,concept_3_1_1_19
concept_3_1_1,concept_3_1_1_20
concept_3_1_1,concept_3_1_1_21
concept_3_1_1,concept_3_1_1_22
concept_3_1_1,concept_3_1_1_23
concept_3_1_1,concept_3_1_1_24
concept_3_1_1,concept_3_1_1_25
concept_3_1_1_1,concept_3_1_1_1_1
concept_3_1_1_1,concept_3_1_1_1_2
concept_3_1_1_1,concept_3_1_1_1_3
concept_3_1_1_1,concept_3_1_1_1_4
concept_3_1_1_1,concept_3_1_1_1_5
concept_3_1_1_1,concept_3_1_1_1_6
concept_3_1_1_1,concept_3_1_1_1_7
concept_3_1_1_1,concept_3_1_1_1_8
concept_3_1_1_1,concept_3_1_1_1_9
concept_3_1_1_1,concept_3_1_1_1_10
concept_3_1_1_1_1,concept_3_1_1_1_1_1
concept_3_1_1_1_1,concept_3_1_1_1_1_2
concept_3_1_1_1_1,concept_3_1_1_1_1_3
concept_3_1_1_1_2,concept_3_1_1_1_2_1
concept_3_1_1_1_3,concept_3_1_1_1_3_1
concept_3_1_1_1_4,concept_3_1_1_1_4_1
concept_3_1_1_1_5,concept_3_1_1_1_5_1
concept_3_1_1_1_6,concept_3_1_1_1_6_1
concept_3_1_1_1_7,concept_3_1_1_1_7_1
concept_3_1_1_1_8,concept_3_1_1_1_8_1
concept_3_1_1_1_9,concept_3_1_1_1_9_1
concept_3_1_1_1_10,concept_3_1_1_1_10_1
concept_3_1_1_2,concept_3_1_1_2_1
concept_3_1_1_2,concept_3_1_1_2_2
concept_3_1_1_2,concept_3_1_1_2_3
concept_3_1_1_2,concept_3_1_1_2_4
concept_3_1_1_2,concept_3_1_1_2_5
concept_3_1_1_2,concept_3_1_1_2_6
concept_3_1_1_2,concept_3_1_1_2_7
concept_3_1_1_2,concept_3_1_1_2_8
concept_3_1_1_2,concept_3_1_1_2_9
concept_3_1_1_2_1,concept_3_1_1_2_1_1
concept_3_1_1_2_1,concept_3_1_1_2_1_2
concept_3_1_1_2_2,concept_3_1_1_2_2_1
concept_3_1_1_2_3,concept_3_1_1_2_3_1
concept_3_1_1_2_4,concept_3_1_1_2_4_1
concept_3_1_1_2_5,concept_3_1_1_2_5_1
concept_3_1_1_2_6,concept_3_1_1_2_6_1
concept_3_1_1_2_7,concept_3_1_1_2_7_1
concept_3_1_1_2_8,concept_3_1_1_2_8_1
concept_3_1_1_2_9,concept_3_1_1_2_9_1
concept_3_1_1_3,concept_3_1_1_3_1
concept_3_1_1_3,concept_3_1_1_3_2
concept_3_1_1_3,concept_3_1_1_3_3
concept_3_1_1_3,concept_3_1_1_3_4
concept_3_1_1_3,concept_3_1_1_3_5
concept_3_1_1_3,concept_3_1_1_3_6
concept_3_1_1_3,concept_3_1_1_3_7
concept_3_1_1_3,concept_3_1_1_3_8
concept_3_1_1_3_1,concept_3_1_1_3_1_1
concept_3_1_1_3_2,concept_3_1_1_3_2_1
concept_3_1_1_3_3,concept_3_1_1_3_3_1
concept_3_1_1_3_4,concept_3_1_1_3_4_1
concept_3_1_1_3_5,concept_3_1_1_3_5_1
concept_3_1_1_3_6,concept_3_1_1_3_6_1
concept_3_1_1_3_7,concept_3_1_1_3_7_1
concept_3_1_1_3_8,concept_3_1_1_3_8_1
concept_3_1_1_4,concept_3_1_1_4_1
concept_3_1_1_4,concept_3_1_1_4_2
concept_3_1_1_4,concept_3_1_1_4_3
concept_3_1_1_4,concept_3_1_1_4_4
concept_3_1_1_4,concept_3_1_1_4_5
concept_3_1_1_4_1,concept_3_1_1_4_1_1
concept_3_1_1_4_1,concept_3_1_1_4_1_2
concept_3_1_1_4_2,concept_3_1_1_4_2_1
concept_3_1_1_4_2,concept_3_1_1_4_2_2
concept_3_1_1_4_3,concept_3_1_1_4_3_1
concept_3_1_1_4_4,concept_3_1_1_4_4_1
concept_3_1_1_4_5,concept_3_1_1_4_5_1
concept_3_1_1_5,concept_3_1_1_5_1
concept_3_1_1_5,concept_3_1_1_5_2
concept_3_1_1_5,concept_3_1_1_5_3
concept_3_1_1_5,concept_3_1_1_5_4
concept_3_1_1_5_1,concept_3_1_1_5_1_1
concept_3_1_1_5_1,concept_3_1_1_5_1_2
concept_3_1_1_5_2,concept_3_1_1_5_2_1
concept_3_1_1_5_2,concept_3_1_1_5_2_2
concept_3_1_1_5_3,concept_3_1_1_5_3_1
concept_3_1_1_5_4,concept_3_1_1_5_4_1
concept_3_1_1_6,concept_3_1_1_6_1
concept_3_1_1_6,concept_3_1_1_6_2
concept_3_1_1_6,concept_3_1_1_6_3
concept_3_1_1_6,concept_3_1_1_6_4
concept_3_1_1_6_1,concept_3_1_1_6_1_1
concept_3_1_1_6_1,concept_3_1_1_6_1_2
concept_3_1_1_6_1,concept_3_1_1_6_1_3
concept_3_1_1_6_2,concept_3_1_1_6_2_1
concept_3_1_1_6_3,concept_3_1_1_6_3_1
concept_3_1_1_6_4,concept_3_1_1_6_4_1
concept_3_1_1_7,concept_3_1_1_7_1
concept_3_1_1_7,concept_3_1_1_7_2
concept_3_1_1_7,concept_3_1_1_7_3
concept_3_1_1_7,concept_3_1_1_7_4
concept_3_1_1_7,concept_3_1_1_7_5
concept_3_1_1_7_1,concept_3_1_1_7_1_1
concept_3_1_1_7_1,concept_3_1_1_7_1_2
concept_3_1_1_7_2,concept_3_1_1_7_2_1
concept_3_1_1_7_3,concept_3_1_1_7_3_1
concept_3_1_1_7_4,concept_3_1_1_7_4_1
concept_3_1_1_7_5,concept_3_1_1_7_5_1
concept_3_1_1_8,concept_3_1_1_8_1
concept_3_1_1_8,concept_3_1_1_8_2
concept_3_1_1_8,concept_3_1_1_8_3
concept_3_1_1_8,concept_3_1_1_8_4
concept_3_1_1_8_1,concept_3_1_1_8_1_1
concept_3_1_1_8_2,concept_3_1_1_8_2_1
concept_3_1_1_8_3,concept_3_1_1_8_3_1
concept_3_1_1_8_4,concept_3_1_1_8_4_1
concept_3_1_1_9,concept_3_1_1_9_1
concept_3_1_1_9,concept_3_1_1_9_2
concept_3_1_1_9,concept_3_1_1_9_3
concept_3_1_1_9_1,concept_3_1_1_9_1_1
concept_3_1_1_9_2,concept_3_1_1_9_2_1
concept_3_1_1_9_3,concept_3_1_1_9_3_1
concept_3_1_1_10,concept_3_1_1_10_1
concept_3_1_1_10,concept_3_1_1_10_2
concept_3_1_1_10_1,concept_3_1_1_10_1_1
concept_3_1_1_10_2,concept_3_1_1_10_2_1
concept_3_1_1_11,concept_3_1_1_11_1
concept_3_1_1_11,concept_3_1_1_11_2
concept_3_1_1_11_1,concept_3_1_1_11_1_1
concept_3_1_1_11_2,concept_3_1_1_11_2_1
concept_3_1_1_12,concept_3_1_1_12_1
concept_3_1_1_12,concept_3_1_1_12_2
concept_3_1_1_12_1,concept_3_1_1_12_1_1
concept_3_1_1_12_2,concept_3_1_1_12_2_1
concept_3_1_1_13,concept_3_1_1_13_1
concept_3_1_1_13_1,concept_3_1_1_13_1_1
concept_3_1_1_14,concept_3_1_1_14_1
concept_3_1_1_14_1,concept_3_1_1_14_1_1
concept_3_1_1_15,concept_3_1_1_15_1
concept_3_1_1_15_1,concept_3_1_1_15_1_1
concept_3_1_1_16,concept_3_1_1_16_1
concept_3_1_1_16_1,concept_3_1_1_16_1_1
concept_3_1_1_17,concept_3_1_1_17_1
concept_3_1_1_17_1,concept_3_1_1_17_1_1
concept_3_1_1_18,concept_3_1_1_18_1
concept_3_1_1_18_1,concept_3_1_1_18_1_1
concept_3_1_1_19,concept_3_1_1_19_1
concept_3_1_1_19_1,concept_3_1_1_19_1_1
concept_3_1_1_20,concept_3_1_1_20_1
concept_3_1_1_20_1,concept_3_1_1_20_1_1
concept_3_1_1_21,concept_3_1_1_21_1
concept_3_1_1_21_1,concept_3_1_1_21_1_1
concept_3_1_1_22,concept_3_1_1_22_1
concept_3_1_1_22_1,concept_3_1_1_22_1_1
concept_3_1_1_23,concept_3_1_1_23_1
concept_3_1_1_23_1,concept_3_1_1_23_1_1
concept_3_1_1_24,concept_3_1_1_24_1
concept_3_1_1_24_1,concept_3_1_1_24_1_1
concept_3_1_1_25,concept_3_1_1_25_1
concept_3_1_1_25_1,concept_3_1_1_25_1_1
concept_4,concept_4_1
concept_4,concept_4_2
concept_4,concept_4_3
concept_4,concept_4_4
concept_4,concept_4_5
concept_4,concept_4_6
concept_4,concept_4_7
concept_4_1,concept_4_1_1
concept_4_1,concept_4_1_2
concept_4_1,concept_4_1_3
concept_4_1,concept_4_1_4
concept_4_1,concept_4_1_5
concept_4_1,concept_4_1_6
concept_4_1_1,concept_4_1_1_1
concept_4_1_1,concept_4_1_1_2
concept_4_1_1,concept_4_1_1_3
concept_4_1_1,concept_4_1_1_4
concept_4_1_1_1,concept_4_1_1_1_1
concept_4_1_1_1,concept_4_1_1_1_2
concept_4_1_1_1,concept_4_1_1_1_3
concept_4_1_1_1,concept_4_1_1_1_4
concept_4_1_1_1_1,concept_4_1_1_1_1_1
concept_4_1_1_1_1,concept_4_1_1_1_1_2
concept_4_1_1_1_2,concept_4_1_1_1_2_1
concept_4_1_1_1_3,concept_4_1_1_1_3_1
concept_4_1_1_1_4,concept_4_1_1_1_4_1
concept_4_1_1_2,concept_4_1_1_2_1
concept_4_1_1_2_1,concept_4_1_1_2_1_1
concept_4_1_1_3,concept_4_1_1_3_1
concept_4_1_1_3_1,concept_4_1_1_3_1_1
concept_4_1_1_4,concept_4_1_1_4_1
concept_4_1_1_4_1,concept_4_1_1_4_1_1
concept_4_1_2,concept_4_1_2_1
concept_4_1_2,concept_4_1_2_2
concept_4_1_2,concept_4_1_2_3
concept_4_1_2_1,concept_4_1_2_1_1
concept_4_1_2_1,concept_4_1_2_1_2
concept_4_1_2_1,concept_4_1_2_1_3
concept_4_1_2_1_1,concept_4_1_2_1_1_1
concept_4_1_2_1_2,concept_4_1_2_1_2_1
concept_4_1_2_1_3,concept_4_1_2_1_3_1
concept_4_1_2_2,concept_4_1_2_2_1
concept_4_1_2_2_1,concept_4_1_2_2_1_1
concept_4_1_2_2_1,concept_4_1_2_2_1_2
concept_4_1_2_3,concept_4_1_2_3_1
concept_4_1_2_3_1,concept_4_1_2_3_1_1
concept_4_1_3,concept_4_1_3_1
concept_4_1_3,concept_4_1_3_2
concept_4_1_3_1,concept_4_1_3_1_1
concept_4_1_3_1_1,concept_4_1_3_1_1_1
concept_4_1_3_2,concept_4_1_3_2_1
concept_4_1_3_2_1,concept_4_1_3_2_1_1
concept_4_1_4,concept_4_1_4_1
concept_4_1_4_1,concept_4_1_4_1_1
concept_4_1_4_1_1,concept_4_1_4_1_1_1
concept_4_1_5,concept_4_1_5_1
concept_4_1_5_1,concept_4_1_5_1_1
concept_4_1_5_1_1,concept_4_1_5_1_1_1
concept_4_1_6,concept_4_1_6_1
concept_4_1_6_1,concept_4_1_6_1_1
concept_4_1_6_1_1,concept_4_1_6_1_1_1
concept_4_2,concept_4_2_1
concept_4_2_1,concept_4_2_1_1
concept_4_2_1,concept_4_2_1_2
concept_4_2_1_1,concept_4_2_1_1_1
concept_4_2_1_1,concept_4_2_1_1_2
concept_4_2_1_1,concept_4_2_1_1_3
concept_4_2_1_1,concept_4_2_1_1_4
concept_4_2_1_1_1,concept_4_2_1_1_1_1
concept_4_2_1_1_1,concept_4_2_1_1_1_2
concept_4_2_1_1_2,concept_4_2_1_1_2_1
concept_4_2_1_1_2,concept_4_2_1_1_2_2
concept_4_2_1_1_3,concept_4_2_1_1_3_1
concept_4_2_1_1_4,concept_4_2_1_1_4_1
concept_4_2_1_2,concept_4_2_1_2_1
concept_4_2_1_2,concept_4_2_1_2_2
concept_4_2_1_2_1,concept_4_2_1_2_1_1
concept_4_2_1_2_2,concept_4_2_1_2_2_1
concept_4_3,concept_4_3_1
concept_4_3,concept_4_3_2
concept_4_3,concept_4_3_3
concept_4_3_1,concept_4_3_1_1
concept_4_3_1,concept_4_3_1_2
concept_4_3_1,concept_4_3_1_3
concept_4_3_1_1,concept_4_3_1_1_1
concept_4_3_1_1_1,concept_4_3_1_1_1_1
concept_4_3_1_1_1,concept_4_3_1_1_1_2
concept_4_3_1_2,concept_4_3_1_2_1
concept_4_3_1_2_1,concept_4_3_1_2_1_1
concept_4_3_1_3,concept_4_3_1_3_1
concept_4_3_1_3_1,concept_4_3_1_3_1_1
concept_4_3_2,concept_4_3_2_1
concept_4_3_2_1,concept_4_3_2_1_1
concept_4_3_2_1_1,concept_4_3_2_1_1_1
concept_4_3_3,concept_4_3_3_1
concept_4_3_3_1,concept_4_3_3_1_1
concept_4_3_3_1_1,concept_4_3_3_1_1_1
concept_4_4,concept_4_4_1
concept_4_4_1,concept_4_4_1_1
concept_4_4_1_1,concept_4_4_1_1_1
concept_4_4_1_1,concept_4_4_1_1_2
concept_4_4_1_1_1,concept_4_4_1_1_1_1
concept_4_4_1_1_1,concept_4_4_1_1_1_2
concept_4_4_1_1_2,concept_4_4_1_1_2_1
concept_4_5,concept_4_5_1
concept_4_5_1,concept_4_5_1_1
concept_4_5_1_1,concept_4_5_1_1_1
concept_4_5_1_1,concept_4_5_1_1_2
concept_4_5_1_1_1,concept_4_5_1_1_1_1
concept_4_5_1_1_2,concept_4_5_1_1_2_1
concept_4_6,concept_4_6_1
concept_4_6_1,concept_4_6_1_1
concept_4_6_1_1,concept_4_6_1_1_1
concept_4_6_1_1_1,concept_4_6_1_1_1_1
concept_4_7,concept_4_7_1
concept_4_7_1,concept_4_7_1_1
concept_4_7_1_1,concept_4_7_1_1_1
concept_4_7_1_1_1,concept_4_7_1_1_1_1
concept_5,concept_5_1
concept_5,concept_5_2
concept_5,concept_5_3
concept_5,concept_5_4
concept_5_1,concept_5_1_1
concept_5_1,concept_5_1_2
concept_5_1,concept_5_1_3
concept_5_1,concept_5_1_4
concept_5_1_1,concept_5_1_1_1
concept_5_1_1,concept_5_1_1_2
concept_5_1_1_1,concept_5_1_1_1_1
concept_5_1_1_1,concept_5_1_1_1_2
concept_5_1_1_1_1,concept_5_1_1_1_1_1
concept_5_1_1_1_2,concept_5_1_1_1_2_1
concept_5_1_1_2,concept_5_1_1_2_1
concept_5_1_1_2,concept_5_1_1_2_2
concept_5_1_1_2_1,concept_5_1_1_2_1_1
concept_5_1_1_2_2,concept_5_1_1_2_2_1
concept_5_1_2,concept_5_1_2_1
concept_5_1_2,concept_5_1_2_2
concept_5_1_2_1,concept_5_1_2_1_1
concept_5_1_2_1_1,concept_5_1_2_1_1_1
concept_5_1_2_1_1,concept_5_1_2_1_1_2
concept_5_1_2_1_1,concept_5_1_2_1_1_3
concept_5_1_2_2,concept_5_1_2_2_1
concept_5_1_2_2_1,concept_5_1_2_2_1_1
concept_5_1_3,concept_5_1_3_1
concept_5_1_3,concept_5_1_3_2
concept_5_1_3_1,concept_5_1_3_1_1
concept_5_1_3_1_1,concept_5_1_3_1_1_1
concept_5_1_3_2,concept_5_1_3_2_1
concept_5_1_3_2_1,concept_5_1_3_2_1_1
concept_5_1_4,concept_5_1_4_1
concept_5_1_4_1,concept_5_1_4_1_1
concept_5_1_4_1_1,concept_5_1_4_1_1_1
concept_5_2,concept_5_2_1
concept_5_2,concept_5_2_2
concept_5_2,concept_5_2_3
concept_5_2,concept_5_2_4
concept_5_2_1,concept_5_2_1_1
concept_5_2_1,concept_5_2_1_2
concept_5_2_1_1,concept_5_2_1_1_1
concept_5_2_1_1,concept_5_2_1_1_2
concept_5_2_1_1,concept_5_2_1_1_3
concept_5_2_1_1_1,concept_5_2_1_1_1_1
concept_5_2_1_1_2,concept_5_2_1_1_2_1
concept_5_2_1_1_3,concept_5_2_1_1_3_1
concept_5_2_1_2,concept_5_2_1_2_1
concept_5_2_1_2_1,concept_5_2_1_2_1_1
concept_5_2_2,concept_5_2_2_1
concept_5_2_2_1,concept_5_2_2_1_1
concept_5_2_2_1,concept_5_2_2_1_2
concept_5_2_2_1_1,concept_5_2_2_1_1_1
concept_5_2_2_1_2,concept_5_2_2_1_2_1
concept_5_2_3,concept_5_2_3_1
concept_5_2_3_1,concept_5_2_3_1_1
concept_5_2_3_1_1,concept_5_2_3_1_1_1
concept_5_2_4,concept_5_2_4_1
concept_5_2_4_1,concept_5_2_4_1_1
concept_5_2_4_1_1,concept_5_2_4_1_1_1
concept_5_3,concept_5_3_1
concept_5_3,concept_5_3_2
concept_5_3_1,concept_5_3_1_1
concept_5_3_1,concept_5_3_1_2
concept_5_3_1,concept_5_3_1_3
concept_5_3_1_1,concept_5_3_1_1_1
concept_5_3_1_1,concept_5_3_1_1_2
concept_5_3_1_1_1,concept_5_3_1_1_1_1
concept_5_3_1_1_2,concept_5_3_1_1_2_1
concept_5_3_1_2,concept_5_3_1_2_1
concept_5_3_1_2_1,concept_5_3_1_2_1_1
concept_5_3_1_3,concept_5_3_1_3_1
concept_5_3_1_3_1,concept_5_3_1_3_1_1
concept_5_3_2,concept_5_3_2_1
concept_5_3_2_1,concept_5_3_2_1_1
concept_5_3_2_1_1,concept_5_3_2_1_1_1
concept_5_4,concept_5_4_1
concept_5_4_1,concept_5_4_1_1
concept_5_4_1_1,concept_5_4_1_1_1
concept_5_4_1_1_1,concept_5_4_1_1_1_1
concept_6,concept_6_1
concept_6,concept_6_2
concept_6,concept_6_3
concept_6,concept_6_4
concept_6,concept_6_5
concept_6,concept_6_6
concept_6_1,concept_6_1_1
concept_6_1_1,concept_6_1_1_1
concept_6_1_1,concept_6_1_1_2
concept_6_1_1,concept_6_1_1_3
concept_6_1_1,concept_6_1_1_4
concept_6_1_1,concept_6_1_1_5
concept_6_1_1,concept_6_1_1_6
concept_6_1_1_1,concept_6_1_1_1_1
concept_6_1_1_1,concept_6_1_1_1_2
concept_6_1_1_1,concept_6_1_1_1_3
concept_6_1_1_1_1,concept_6_1_1_1_1_1
concept_6_1_1_1_2,concept_6_1_1_1_2_1
concept_6_1_1_1_3,concept_6_1_1_1_3_1
concept_6_1_1_2,concept_6_1_1_2_1
concept_6_1_1_2,concept_6_1_1_2_2
concept_6_1_1_2_1,concept_6_1_1_2_1_1
concept_6_1_1_2_2,concept_6_1_1_2_2_1
concept_6_1_1_3,concept_6_1_1_3_1
concept_6_1_1_3,concept_6_1_1_3_2
concept_6_1_1_3_1,concept_6_1_1_3_1_1
concept_6_1_1_3_2,concept_6_1_1_3_2_1
concept_6_1_1_4,concept_6_1_1_4_1
concept_6_1_1_4_1,concept_6_1_1_4_1_1
concept_6_1_1_5,concept_6_1_1_5_1
concept_6_1_1_5_1,concept_6_1_1_5_1_1
concept_6_1_1_6,concept_6_1_1_6_1
concept_6_1_1_6_1,concept_6_1_1_6_1_1
concept_6_2,concept_6_2_1
concept_6_2_1,concept_6_2_1_1
concept_6_2_1,concept_6_2_1_2
concept_6_2_1,concept_6_2_1_3
concept_6_2_1_1,concept_6_2_1_1_1
concept_6_2_1_1,concept_6_2_1_1_2
concept_6_2_1_1_1,concept_6_2_1_1_1_1
concept_6_2_1_1_2,concept_6_2_1_1_2_1
concept_6_2_1_2,concept_6_2_1_2_1
concept_6_2_1_2_1,concept_6_2_1_2_1_1
concept_6_2_1_3,concept_6_2_1_3_1
concept_6_2_1_3_1,concept_6_2_1_3_1_1
concept_6_3,concept_6_3_1
concept_6_3,concept_6_3_2
concept_6_3_1,concept_6_3_1_1
concept_6_3_1_1,concept_6_3_1_1_1
concept_6_3_1_1_1,concept_6_3_1_1_1_1
concept_6_3_1_1_1,concept_6_3_1_1_1_2
concept_6_3_2,concept_6_3_2_1
concept_6_3_2_1,concept_6_3_2_1_1
concept_6_3_2_1_1,concept_6_3_2_1_1_1
concept_6_4,concept_6_4_1
concept_6_4,concept_6_4_2
concept_6_4_1,concept_6_4_1_1
concept_6_4_1,concept_6_4_1_2
concept_6_4_1_1,concept_6_4_1_1_1
concept_6_4_1_1_1,concept_6_4_1_1_1_1
concept_6_4_1_2,concept_6_4_1_2_1
concept_6_4_1_2_1,concept_6_4_1_2_1_1
concept_6_4_2,concept_6_4_2_1
concept_6_4_2_1,concept_6_4_2_1_1
concept_6_4_2_1_1,concept_6_4_2_1_1_1
concept_6_5,concept_6_5_1
concept_6_5_1,concept_6_5_1_1
concept_6_5_1,concept_6_5_1_2
concept_6_5_1_1,concept_6_5_1_1_1
concept_6_5_1_1_1,concept_6_5_1_1_1_1
concept_6_5_1_2,concept_6_5_1_2_1
concept_6_5_1_2_1,concept_6_5_1_2_1_1
concept_6_6,concept_6_6_1
concept_6_6_1,concept_6_6_1_1
concept_6_6_1_1,concept_6_6_1_1_1
concept_6_6_1_1_1,concept_6_6_1_1_1_1
concept_7,concept_7_1
concept_7,concept_7_2
concept_7,concept_7_3
concept_7,concept_7_4
concept_7,concept_7_5
concept_7,concept_7_6
concept_7,concept_7_7
concept_7,concept_7_8
concept_7_1,concept_7_1_1
concept_7_1_1,concept_7_1_1_1
concept_7_1_1,concept_7_1_1_2
concept_7_1_1,concept_7_1_1_3
concept_7_1_1,concept_7_1_1_4
concept_7_1_1,concept_7_1_1_5
concept_7_1_1_1,concept_7_1_1_1_1
concept_7_1_1_1_1,concept_7_1_1_1_1_1
concept_7_1_1_1_1,concept_7_1_1_1_1_2
concept_7_1_1_1_1,concept_7_1_1_1_1_3
concept_7_1_1_2,concept_7_1_1_2_1
concept_7_1_1_2,concept_7_1_1_2_2
concept_7_1_1_2_1,concept_7_1_1_2_1_1
concept_7_1_1_2_2,concept_7_1_1_2_2_1
concept_7_1_1_3,concept_7_1_1_3_1
concept_7_1_1_3_1,concept_7_1_1_3_1_1
concept_7_1_1_4,concept_7_1_1_4_1
concept_7_1_1_4_1,concept_7_1_1_4_1_1
concept_7_1_1_5,concept_7_1_1_5_1
concept_7_1_1_5_1,concept_7_1_1_5_1_1
concept_7_2,concept_7_2_1
concept_7_2_1,concept_7_2_1_1
concept_7_2_1_1,concept_7_2_1_1_1
concept_7_2_1_1_1,concept_7_2_1_1_1_1
concept_7_2_1_1_1,concept_7_2_1_1_1_2
concept_7_3,concept_7_3_1
concept_7_3_1,concept_7_3_1_1
concept_7_3_1_1,concept_7_3_1_1_1
concept_7_3_1_1_1,concept_7_3_1_1_1_1
concept_7_3_1_1_1,concept_7_3_1_1_1_2
concept_7_4,concept_7_4_1
concept_7_4_1,concept_7_4_1_1
concept_7_4_1,concept_7_4_1_2
concept_7_4_1_1,concept_7_4_1_1_1
concept_7_4_1_1_1,concept_7_4_1_1_1_1
concept_7_4_1_2,concept_7_4_1_2_1
concept_7_4_1_2_1,concept_7_4_1_2_1_1
concept_7_5,concept_7_5_1
concept_7_5_1,concept_7_5_1_1
concept_7_5_1_1,concept_7_5_1_1_1
concept_7_5_1_1_1,concept_7_5_1_1_1_1
concept_7_5_1_1_1,concept_7_5_1_1_1_2
concept_7_6,concept_7_6_1
concept_7_6_1,concept_7_6_1_1
concept_7_6_1_1,concept_7_6_1_1_1
concept_7_6_1_1_1,concept_7_6_1_1_1_1
concept_7_7,concept_7_7_1
concept_7_7_1,concept_7_7_1_1
concept_7_7_1_1,concept_7_7_1_1_1
concept_7_7_1_1_1,concept_7_7_1_1_1_1
concept_7_8,concept_7_8_1
concept_7_8_1,concept_7_8_1_1
concept_7_8_1_1,concept_7_8_1_1_1
concept_7_8_1_1_1,concept_7_8_1_1_1_1
concept_8,concept_8_1
concept_8,concept_8_2
concept_8_1,concept_8_1_1
concept_8_1,concept_8_1_2
concept_8_1_1,concept_8_1_1_1
concept_8_1_1,concept_8_1_1_2
concept_8_1_1,concept_8_1_1_3
concept_8_1_1,concept_8_1_1_4
concept_8_1_1,concept_8_1_1_5
concept_8_1_1,concept_8_1_1_6
concept_8_1_1,concept_8_1_1_7
concept_8_1_1,concept_8_1_1_8
concept_8_1_1,concept_8_1_1_9
concept_8_1_1,concept_8_1_1_10
concept_8_1_1_1,concept_8_1_1_1_1
concept_8_1_1_1,concept_8_1_1_1_2
concept_8_1_1_1_1,concept_8_1_1_1_1_1
concept_8_1_1_1_2,concept_8_1_1_1_2_1
concept_8_1_1_2,concept_8_1_1_2_1
concept_8_1_1_2_1,concept_8_1_1_2_1_1
concept_8_1_1_3,concept_8_1_1_3_1
concept_8_1_1_3_1,concept_8_1_1_3_1_1
concept_8_1_1_4,concept_8_1_1_4_1
concept_8_1_1_4_1,concept_8_1_1_4_1_1
concept_8_1_1_5,concept_8_1_1_5_1
concept_8_1_1_5_1,concept_8_1_1_5_1_1
concept_8_1_1_6,concept_8_1_1_6_1
concept_8_1_1_6_1,concept_8_1_1_6_1_1
concept_8_1_1_7,concept_8_1_1_7_1
concept_8_1_1_7_1,concept_8_1_1_7_1_1
concept_8_1_1_8,concept_8_1_1_8_1
concept_8_1_1_8_1,concept_8_1_1_8_1_1
concept_8_1_1_9,concept_8_1_1_9_1
concept_8_1_1_9_1,concept_8_1_1_9_1_1
concept_8_1_1_10,concept_8_1_1_10_1
concept_8_1_1_10_1,concept_8_1_1_10_1_1
concept_8_1_2,concept_8_1_2_1
concept_8_1_2,concept_8_1_2_2
concept_8_1_2_1,concept_8_1_2_1_1
concept_8_1_2_1,concept_8_1_2_1_2
concept_8_1_2_1,concept_8_1_2_1_3
concept_8_1_2_1_1,concept_8_1_2_1_1_1
concept_8_1_2_1_2,concept_8_1_2_1_2_1
concept_8_1_2_1_3,concept_8_1_2_1_3_1
concept_8_1_2_2,concept_8_1_2_2_1
concept_8_1_2_2_1,concept_8_1_2_2_1_1
concept_8_2,concept_8_2_1
concept_8_2,concept_8_2_2
concept_8_2_1,concept_8_2_1_1
concept_8_2_1,concept_8_2_1_2
concept_8_2_1_1,concept_8_2_1_1_1
concept_8_2_1_1_1,concept_8_2_1_1_1_1
concept_8_2_1_2,concept_8_2_1_2_1
concept_8_2_1_2_1,concept_8_2_1_2_1_1
concept_8_2_2,concept_8_2_2_1
concept_8_2_2_1,concept_8_2_2_1_1
concept_8_2_2_1_1,concept_8_2_2_1_1_1
concept_9,concept_9_1
concept_9,concept_9_2
concept_9,concept_9_3
concept_9,concept_9_4
concept_9_1,concept_9_1_1
concept_9_1_1,concept_9_1_1_1
concept_9_1_1,concept_9_1_1_2
concept_9_1_1,concept_9_1_1_3
concept_9_1_1,concept_9_1_1_4
concept_9_1_1_1,concept_9_1_1_1_1
concept_9_1_1_1,concept_9_1_1_1_2
concept_9_1_1_1,concept_9_1_1_1_3
concept_9_1_1_1_1,concept_9_1_1_1_1_1
concept_9_1_1_1_2,concept_9_1_1_1_2_1
concept_9_1_1_1_3,concept_9_1_1_1_3_1
concept_9_1_1_2,concept_9_1_1_2_1
concept_9_1_1_2_1,concept_9_1_1_2_1_1
concept_9_1_1_3,concept_9_1_1_3_1
concept_9_1_1_3_1,concept_9_1_1_3_1_1
concept_9_1_1_4,concept_9_1_1_4_1
concept_9_1_1_4_1,concept_9_1_1_4_1_1
concept_9_2,concept_9_2_1
concept_9_2_1,concept_9_2_1_1
concept_9_2_1,concept_9_2_1_2
concept_9_2_1,concept_9_2_1_3
concept_9_2_1,concept_9_2_1_4
concept_9_2_1_1,concept_9_2_1_1_1
concept_9_2_1_1_1,concept_9_2_1_1_1_1
concept_9_2_1_2,concept_9_2_1_2_1
concept_9_2_1_2_1,concept_9_2_1_2_1_1
concept_9_2_1_3,concept_9_2_1_3_1
concept_9_2_1_3_1,concept_9_2_1_3_1_1
concept_9_2_1_4,concept_9_2_1_4_1
concept_9_2_1_4_1,concept_9_2_1_4_1_1
concept_9_3,concept_9_3_1
concept_9_3_1,concept_9_3_1_1
concept_9_3_1_1,concept_9_3_1_1_1
concept_9_3_1_1,concept_9_3_1_1_2
concept_9_3_1_1,concept_9_3_1_1_3
concept_9_3_1_1_1,concept_9_3_1_1_1_1
concept_9_3_1_1_2,concept_9_3_1_1_2_1
concept_9_3_1_1_3,concept_9_3_1_1_3_1
concept_9_4,concept_9_4_1
concept_9_4_1,concept_9_4_1_1
concept_9_4_1_1,concept_9_4_1_1_1
concept_9_4_1_1_1,concept_9_4_1_1_1_1
concept_9_4_1_1_1,concept_9_4_1_1_1_2
concept_10,concept_10_1
concept_10,concept_10_2
concept_10_1,concept_10_1_1
concept_10_1_1,concept_10_1_1_1
concept_10_1_1,concept_10_1_1_2
concept_10_1_1,concept_10_1_1_3
concept_10_1_1,concept_10_1_1_4
concept_10_1_1,concept_10_1_1_5
concept_10_1_1_1,concept_10_1_1_1_1
concept_10_1_1_1_1,concept_10_1_1_1_1_1
concept_10_1_1_1_1,concept_10_1_1_1_1_2
concept_10_1_1_2,concept_10_1_1_2_1
concept_10_1_1_2_1,concept_10_1_1_2_1_1
concept_10_1_1_2_1,concept_10_1_1_2_1_2
concept_10_1_1_3,concept_10_1_1_3_1
concept_10_1_1_3_1,concept_10_1_1_3_1_1
concept_10_1_1_3_1,concept_10_1_1_3_1_2
concept_10_1_1_4,concept_10_1_1_4_1
concept_10_1_1_4_1,concept_10_1_1_4_1_1
concept_10_1_1_5,concept_10_1_1_5_1
concept_10_1_1_5_1,concept_10_1_1_5_1_1
concept_10_2,concept_10_2_1
concept_10_2_1,concept_10_2_1_1
concept_10_2_1_1,concept_10_2_1_1_1
concept_10_2_1_1,concept_10_2_1_1_2
concept_10_2_1_1_1,concept_10_2_1_1_1_1
concept_10_2_1_1_1,concept_10_2_1_1_1_2
concept_10_2_1_1_2,concept_10_2_1_1_2_1
concept_11,concept_11_1
concept_11_1,concept_11_1_1
concept_11_1_1,concept_11_1_1_1
concept_11_1_1,concept_11_1_1_2
concept_11_1_1,concept_11_1_1_3
concept_11_1_1,concept_11_1_1_4
concept_11_1_1,concept_11_1_1_5
concept_11_1_1,concept_11_1_1_6
concept_11_1_1,concept_11_1_1_7
concept_11_1_1,concept_11_1_1_8
concept_11_1_1_1,concept_11_1_1_1_1
concept_11_1_1_1,concept_11_1_1_1_2
concept_11_1_1_1,concept_11_1_1_1_3
concept_11_1_1_1_1,concept_11_1_1_1_1_1
concept_11_1_1_1_2,concept_11_1_1_1_2_1
concept_11_1_1_1_3,concept_11_1_1_1_3_1
concept_11_1_1_2,concept_11_1_1_2_1
concept_11_1_1_2_1,concept_11_1_1_2_1_1
concept_11_1_1_3,concept_11_1_1_3_1
concept_11_1_1_3_1,concept_11_1_1_3_1_1
concept_11_1_1_4,concept_11_1_1_4_1
concept_11_1_1_4_1,concept_11_1_1_4_1_1
concept_11_1_1_5,concept_11_1_1_5_1
concept_11_1_1_5_1,concept_11_1_1_5_1_1
concept_11_1_1_6,concept_11_1_1_6_1
concept_11_1_1_6_1,concept_11_1_1_6_1_1
concept_11_1_1_7,concept_11_1_1_7_1
concept_11_1_1_7_1,concept_11_1_1_7_1_1
concept_11_1_1_8,concept_11_1_1_8_1
concept_11_1_1_8_1,concept_11_1_1_8_1_1
concept_12,concept_12_1
concept_12_1,concept_12_1_1
concept_12_1_1,concept_12_1_1_1
concept_12_1_1,concept_12_1_1_2
concept_12_1_1,concept_12_1_1_3
concept_12_1_1,concept_12_1_1_4
concept_12_1_1,concept_12_1_1_5
concept_12_1_1_1,concept_12_1_1_1_1
concept_12_1_1_1,concept_12_1_1_1_2
concept_12_1_1_1_1,concept_12_1_1_1_1_1
concept_12_1_1_1_2,concept_12_1_1_1_2_1
concept_12_1_1_2,concept_12_1_1_2_1
concept_12_1_1_2,concept_12_1_1_2_2
concept_12_1_1_2_1,concept_12_1_1_2_1_1
concept_12_1_1_2_2,concept_12_1_1_2_2_1
concept_12_1_1_3,concept_12_1_1_3_1
concept_12_1_1_3,concept_12_1_1_3_2
concept_12_1_1_3_1,concept_12_1_1_3_1_1
concept_12_1_1_3_2,concept_12_1_1_3_2_1
concept_12_1_1_4,concept_12_1_1_4_1
concept_12_1_1_4,concept_12_1_1_4_2
concept_12_1_1_4_1,concept_12_1_1_4_1_1
concept_12_1_1_4_2,concept_12_1_1_4_2_1
concept_12_1_1_5,concept_12_1_1_5_1
concept_12_1_1_5_1,concept_12_1_1_5_1_1
concept_13,concept_13_1
concept_13_1,concept_13_1_1
concept_13_1_1,concept_13_1_1_1
concept_13_1_1_1,concept_13_1_1_1_1
concept_13_1_1_1,concept_13_1_1_1_2
concept_13_1_1_1,concept_13_1_1_1_3
concept_13_1_1_1,concept_13_1_1_1_4
concept_13_1_1_1,concept_13_1_1_1_5
concept_13_1_1_1,concept_13_1_1_1_6
concept_13_1_1_1,concept_13_1_1_1_7
concept_13_1_1_1_1,concept_13_1_1_1_1_1
concept_13_1_1_1_1,concept_13_1_1_1_1_2
concept_13_1_1_1_2,concept_13_1_1_1_2_1
concept_13_1_1_1_2,concept_13_1_1_1_2_2
concept_13_1_1_1_3,concept_13_1_1_1_3_1
concept_13_1_1_1_4,concept_13_1_1_1_4_1
concept_13_1_1_1_5,concept_13_1_1_1_5_1
concept_13_1_1_1_6,concept_13_1_1_1_6_1
concept_13_1_1_1_7,concept_13_1_1_1_7_1
concept_14,concept_14_1
concept_14_1,concept_14_1_1
concept_14_1_1,concept_14_1_1_1
concept_14_1_1,concept_14_1_1_2
concept_14_1_1,concept_14_1_1_3
concept_14_1_1,concept_14_1_1_4
concept_14_1_1_1,concept_14_1_1_1_1
concept_14_1_1_1_1,concept_14_1_1_1_1_1
concept_14_1_1_2,concept_14_1_1_2_1
concept_14_1_1_2_1,concept_14_1_1_2_1_1
concept_14_1_1_3,concept_14_1_1_3_1
concept_14_1_1_3_1,concept_14_1_1_3_1_1
concept_14_1_1_4,concept_14_1_1_4_1
concept_14_1_1_4_1,concept_14_1_1_4_1_1
concept_15,concept_15_1
concept_15_1,concept_15_1_1
concept_15_1_1,concept_15_1_1_1
concept_15_1_1_1,concept_15_1_1_1_1
concept_15_1_1_1,concept_15_1_1_1_2
concept_15_1_1_1,concept_15_1_1_1_3
concept_15_1_1_1,concept_15_1_1_1_4
concept_15_1_1_1_1,concept_15_1_1_1_1_1
concept_15_1_1_1_2,concept_15_1_1_1_2_1
concept_15_1_1_1_3,concept_15_1_1_1_3_1
concept_15_1_1_1_4,concept_15_1_1_1_4_1
concept_16,concept_16_1
concept_16_1,concept_16_1_1
concept_16_1,concept_16_1_2
concept_16_1_1,concept_16_1_1_1
concept_16_1_1_1,concept_16_1_1_1_1
concept_16_1_1_1,concept_16_1_1_1_2
concept_16_1_1_1_1,concept_16_1_1_1_1_1
concept_16_1_1_1_2,concept_16_1_1_1_2_1
concept_16_1_2,concept_16_1_2_1
concept_16_1_2_1,concept_16_1_2_1_1
concept_16_1_2_1_1,concept_16_1_2_1_1_1
concept_17,concept_17_1
concept_17,concept_17_2
concept_17_1,concept_17_1_1
concept_17_1,concept_17_1_2
concept_17_1_1,concept_17_1_1_1
concept_17_1_1_1,concept_17_1_1_1_1
concept_17_1_1_1_1,concept_17_1_1_1_1_1
concept_17_1_2,concept_17_1_2_1
concept_17_1_2_1,concept_17_1_2_1_1
concept_17_1_2_1_1,concept_17_1_2_1_1_1
concept_17_2,concept_17_2_1
concept_17_2_1,concept_17_2_1_1
concept_17_2_1_1,concept_17_2_1_1_1
concept_17_2_1_1_1,concept_17_2_1_1_1_1
concept_18,concept_18_1
concept_18_1,concept_18_1_1
concept_18_1_1,concept_18_1_1_1
concept_18_1_1_1,concept_18_1_1_1_1
concept_18_1_1_1_1,concept_18_1_1_1_1_1
concept_18_1_1_1_1,concept_18_1_1_1_1_2
concept_19,concept_19_1
concept_19_1,concept_19_1_1
concept_19_1_1,concept_19_1_1_1
concept_19_1_1_1,concept_19_1_1_1_1
concept_19_1_1_1_1,concept_19_1_1_1_1_1
concept_19_1_1_1_1,concept_19_1_1_1_1_2
concept_20,concept_20_1
concept_20_1,concept_20_1_1
concept_20_1_1,concept_20_1_1_1
concept_20_1_1_1,concept_20_1_1_1_1
concept_20_1_1_1_1,concept_20_1_1_1_1_1
concept_21,concept_21_1
concept_21_1,concept_21_1_1
concept_21_1_1,concept_21_1_1_1
concept_21_1_1_1,concept_21_1_1_1_1
concept_21_1_1_1_1,concept_21_1_1_1_1_1
concept_22,concept_22_1
concept_22_1,concept_22_1_1
concept_22_1_1,concept_22_1_1_1
concept_22_1_1_1,concept_22_1_1_1_1
concept_22_1_1_1_1,concept_22_1_1_1_1_1